lossPlot,0.40593864329159257,0.3645860305428505,0.33864685215055945,0.3200066728144884,0.32729042433202266,0.3168555685132742,0.3048675234615803,0.29257144972682,0.2883637011051178,0.2904265746474266,0.2862146577984095,0.2787190387398005,0.2927610044181347,0.2798800560832024,0.27528632842004297,0.2804642786830664,0.2718838209658861,0.2714139773696661,0.27846864346414807,0.27177747152745724,0.27048475489020346,0.2639970889687538,0.27236869346350434,0.2751874662935734,0.26547283984720704,0.2565641522407532,0.2656828584894538,0.25969942204654217,0.25731455486267807,0.25331347949802874,0.26204639315605166,0.260642783343792,0.25523170456290245,0.2587698510661721,0.2537507339194417,0.26623068552464246,0.25355434317141773,0.25342662651091813,0.2661873026564717,0.25411376491189,0.2514789444953203,0.24830920416861774,0.2500336553528905,0.2500759081169963,0.2498758067190647,0.25721221026033164,0.2643849541246891,0.25780493061989546,0.2547094674408436,0.25337532211095093,0.25039960086345675,0.24975274171680212,0.24977744918316602,0.25546277448534965,0.2531010992452502,0.26677390974015,0.251841547600925,0.2562221464142203,0.25500897396355865,0.2470907124876976,0.24471119306981565,0.2476145762950182,0.24954963833093644,0.25131566904485225,0.24629208825528623,0.24188374549150468,0.26473753090947866,0.2505879285186529,0.24550064399838448,0.2487372775748372,0.24727430302649736,0.24815327666699885,0.24663272611796855,0.24438118528574704,0.24730029452592134,0.27208719864487646,0.24811009392142297,0.26596681073307993,0.25081701070070267,0.2562476333603263,0.2479006015136838,0.25081336457282305,0.24625793758779765,0.24731683656573294,0.25029391821473834,0.244918918274343,0.24771508131176234,0.2637056925520301,0.24818970445543528,0.2470442761108279,0.246331356652081,0.25618130575865505,0.24545704748481512,0.24825394317507743,0.24579100254923106,0.2437339861690998,0.2511717329546809,0.2478354849293828,0.26209232479333877,0.24429748483002187
accPlot,0.85275,0.87035,0.88015,0.88655,0.8822,0.8853,0.8923,0.89555,0.89645,0.89455,0.89745,0.90025,0.89545,0.90065,0.90345,0.8991,0.904,0.9033,0.90145,0.9042,0.9049,0.90705,0.9026,0.89995,0.9057,0.90865,0.90605,0.90705,0.9068,0.9105,0.9058,0.90845,0.90885,0.9076,0.91,0.9046,0.9093,0.908,0.9032,0.91045,0.91195,0.91265,0.9106,0.9126,0.91095,0.90855,0.9037,0.90735,0.909,0.9111,0.9122,0.91225,0.9119,0.91025,0.9112,0.90355,0.91195,0.90695,0.9077,0.9123,0.91285,0.91235,0.91255,0.9107,0.9131,0.91465,0.90635,0.91185,0.91365,0.9121,0.9114,0.91215,0.91195,0.91245,0.91305,0.90235,0.9124,0.90425,0.9118,0.9107,0.9128,0.91075,0.9127,0.9116,0.91145,0.9125,0.9122,0.9063,0.912,0.9136,0.91345,0.9107,0.9131,0.9129,0.91385,0.91625,0.9126,0.91285,0.907,0.9135
trainLossPlot,0.6407196065038443,0.44889383420348167,0.41487975157797335,0.3893659007921815,0.37521691150963304,0.36180207401514053,0.3526882711797953,0.3450021731108427,0.34069873061031103,0.33560952633619306,0.3266904055699706,0.32071132566779853,0.3220760544762015,0.31428530514240266,0.3141325620934367,0.3107357619702816,0.3093034428730607,0.30680074021220205,0.3022690748423338,0.30463663302361965,0.30010825719684364,0.2969892039895058,0.29449991915374996,0.2948264314979315,0.2974498048424721,0.29010360114276407,0.2888089878857136,0.28812622621655465,0.2893425216712058,0.2861166824772954,0.2885134755820036,0.28120639368891714,0.2853331549838185,0.28302809830754994,0.2829364420473576,0.2820821322873235,0.27888380125164985,0.28214176692068577,0.2780550675094128,0.2785221189446747,0.2798052728176117,0.276029261238873,0.2767540466971695,0.27591477494686845,0.27571261385455725,0.2782848460972309,0.27607149751856924,0.2718237866833806,0.27114455642178653,0.27260715670883656,0.2707593160867691,0.2692687563225627,0.27197313074022533,0.2684193276800215,0.2718289314955473,0.26729460306465624,0.2707429273054004,0.2673007017560303,0.2690070154517889,0.27104885967448356,0.2652233436703682,0.2677597721852362,0.26577964251860975,0.26737730119377373,0.26488177083432674,0.26539319932460786,0.26382191060110927,0.2665133770368993,0.26534831447526813,0.26484093118458985,0.2644161003641784,0.2617983897030354,0.26494028102606537,0.26792003504931927,0.2612702402099967,0.2619594634510577,0.26531345412135127,0.26590483462437986,0.26203437823802234,0.257654214669019,0.25784526562318205,0.2601459362916648,0.26322546783834694,0.26197662457823756,0.26104653580114245,0.2593814198113978,0.2621541623212397,0.25622634759172797,0.2601563866622746,0.25602322328835725,0.25701078357174995,0.2583675490133464,0.25794708732515575,0.2565807146392763,0.257997257001698,0.25510593434795736,0.25684455009177326,0.25737964916974304,0.25731832498684526,0.26013966925442217
trainAccPlot,0.769725,0.836925,0.8507,0.859125,0.8656,0.86945,0.87415,0.87445,0.87655,0.8777,0.88155,0.884575,0.8838,0.885025,0.88775,0.88965,0.887325,0.888425,0.891275,0.88935,0.891175,0.89295,0.892975,0.8933,0.892425,0.8932,0.8951,0.895825,0.89545,0.8972,0.894975,0.8984,0.894975,0.89675,0.8973,0.896575,0.898425,0.89755,0.8993,0.899325,0.898975,0.90055,0.898725,0.8994,0.8987,0.8983,0.89915,0.9015,0.90105,0.901325,0.90135,0.901875,0.90105,0.901625,0.902025,0.90245,0.901175,0.9022,0.90135,0.9013,0.902925,0.901825,0.90245,0.900825,0.904575,0.902075,0.904125,0.9005,0.903425,0.90315,0.903725,0.904375,0.902725,0.9009,0.905525,0.904225,0.9023,0.903025,0.904325,0.904575,0.904325,0.905325,0.90415,0.9055,0.904175,0.904575,0.90415,0.906,0.904275,0.904575,0.906025,0.903975,0.9056,0.90675,0.90625,0.905775,0.906325,0.9063,0.906525,0.905425
lossPlot,0.4329976361989975,0.3585885491967201,0.33465571962296964,0.32552895694971085,0.3177415520697832,0.30831889621913433,0.30081647388637067,0.30753480970859526,0.31856406152248384,0.2972327684611082,0.28501256845891476,0.29147237710654733,0.27900813102722166,0.27843546390533447,0.277173066213727,0.27870918847620485,0.2764576131105423,0.2773467431589961,0.2752910662442446,0.2682947163283825,0.26875383719801904,0.2633667966723442,0.2662486035376787,0.2610912960767746,0.26579089619219304,0.2619183520972729,0.2678831586241722,0.26534368067979813,0.27480698950588706,0.26754638440907,0.28350209206342697,0.2667323414236307,0.25760838743299247,0.265013774856925,0.256919865347445,0.25867531485855577,0.2544639983400703,0.260736130066216,0.25747090235352516,0.2542002497240901,0.2653984487429261,0.25475219555199147,0.2554505137726665,0.2583951449394226,0.25546176474541427,0.25588319849222896,0.26035627897828817,0.25564460244029763,0.2535949538275599,0.2551348776370287,0.25362287007272244,0.2490099284797907,0.25951503314077856,0.25252755992114545,0.27542951729148624,0.2530102153122425,0.25137003857642415,0.2609118151664734,0.25433163832873107,0.25623368643224237,0.25175258677452805,0.25056251242756844,0.25222198266536,0.24940676968544723,0.2524673483148217,0.2561213155090809,0.24871360082179308,0.2570007665455341,0.25892335005104544,0.24945926167070864,0.25192563343793156,0.24980533819645642,0.2691055219247937,0.24878346618264913,0.24810356713831425,0.2615935554355383,0.24791262451559304,0.24847827177494763,0.2622902265563607,0.24552178092300891,0.24691009383648635,0.252413556650281,0.24648891661316155,0.2512635736912489,0.2509127539396286,0.24650032442063094,0.24815061181783676,0.24887025199830531,0.24702293559908867,0.24800630796700715,0.24519200481474399,0.2492617104202509,0.24815265767276287,0.249333567135036,0.2648049910366535,0.25163116585463285,0.2499311640113592,0.24731984619051217,0.24794078391045332,0.2626189728826284
accPlot,0.84265,0.8741,0.8815,0.8835,0.8872,0.8904,0.89325,0.88775,0.8831,0.89085,0.89755,0.89335,0.89865,0.8989,0.90165,0.89925,0.9019,0.9005,0.9002,0.904,0.9049,0.9045,0.9053,0.90725,0.90555,0.90805,0.90265,0.9039,0.8992,0.9045,0.89705,0.9054,0.9087,0.9065,0.90795,0.9084,0.9069,0.9073,0.9085,0.9087,0.90615,0.90875,0.9091,0.9079,0.91035,0.9081,0.9045,0.9088,0.91095,0.90945,0.9096,0.9109,0.90765,0.90995,0.90205,0.9105,0.91015,0.9075,0.9106,0.9087,0.9103,0.9119,0.9107,0.9099,0.90855,0.9083,0.9116,0.9083,0.9055,0.91045,0.9108,0.91195,0.90165,0.91255,0.9124,0.9058,0.9117,0.91205,0.90495,0.9134,0.9129,0.9102,0.9121,0.9098,0.9111,0.91305,0.9122,0.91205,0.91225,0.91125,0.9132,0.9127,0.9116,0.91165,0.9033,0.9104,0.9104,0.91085,0.9119,0.9052
trainLossPlot,0.6346069259941578,0.44305031321942806,0.4056288781762123,0.38725010849535463,0.37313345964998007,0.3602971055731177,0.3520018615759909,0.3439909856021404,0.3408383227884769,0.3341839895397425,0.3286694999039173,0.32493233755230905,0.32381151963025334,0.3195218269526958,0.3144684437662363,0.3089761533215642,0.3122798452153802,0.3082741305977106,0.30302979093044996,0.3005482737720013,0.30078242845833303,0.29722041051834824,0.29479410203173756,0.294398843459785,0.29243728609755637,0.2927870478108525,0.2918319237232208,0.2882953488267958,0.28698880018666384,0.283426501750946,0.2820675592124462,0.28361403990536926,0.2833771301805973,0.2864981324598193,0.2818279202654958,0.27972344256937504,0.2787017796188593,0.2803384460322559,0.27925972003489735,0.27561375200748445,0.2774617811851203,0.27723366793245074,0.2744007061049342,0.27276154957711696,0.2710646235197782,0.2692157008126378,0.2730769566819072,0.27151030918583274,0.2711053631082177,0.26891555173322557,0.2686324112676084,0.26719496412202715,0.26702087838202715,0.2696972789615393,0.26866107180714605,0.2676280449330807,0.2689215858839452,0.2656597214192152,0.2690664744749665,0.2648039184138179,0.262173213083297,0.26492806585505607,0.2676931717246771,0.26269149480387566,0.26622000357136133,0.26165768498554826,0.2626942976936698,0.2631335086375475,0.2610984579473734,0.2629263134114444,0.2629437067918479,0.25902303103357555,0.26012695997953417,0.2612812768109143,0.26021326053887606,0.25978832053020595,0.26136441227048635,0.2590770971775055,0.2587466188892722,0.2597144292481244,0.2573378339409828,0.2550665539130568,0.25623222077265384,0.25932886043563486,0.25435269009321926,0.2544170657359064,0.2581622918508947,0.2581967097520828,0.2560677915811539,0.26036508588120344,0.256536363158375,0.2541455152630806,0.2525471390970051,0.25333089942112563,0.25718891838565466,0.2521032701805234,0.25273832185193895,0.2538472246006131,0.2566130978614092,0.25469150034710764
trainAccPlot,0.77165,0.838075,0.8542,0.859725,0.865475,0.869725,0.871725,0.87575,0.87535,0.8796,0.88125,0.881875,0.88365,0.884075,0.88455,0.887175,0.88575,0.888125,0.891025,0.88995,0.8893,0.892325,0.8931,0.892725,0.89435,0.89415,0.894725,0.8941,0.894525,0.895925,0.89755,0.8961,0.89625,0.894475,0.896725,0.89845,0.897875,0.89755,0.8977,0.898725,0.89925,0.89705,0.8995,0.900375,0.902775,0.900475,0.899,0.900625,0.90175,0.900675,0.902025,0.90055,0.9034,0.9013,0.902,0.9011,0.900825,0.902675,0.903125,0.903075,0.90465,0.902625,0.90235,0.902575,0.904925,0.90515,0.9041,0.903875,0.90305,0.9029,0.903375,0.904425,0.9051,0.90555,0.904225,0.905,0.903075,0.9059,0.9057,0.90515,0.905175,0.906525,0.905575,0.905975,0.907375,0.9057,0.906225,0.9043,0.90525,0.9026,0.904875,0.906175,0.906575,0.906325,0.905725,0.90935,0.9064,0.9073,0.9048,0.906525
lossPlot,0.41148415483534334,0.36720901153981683,0.34157695710659025,0.3259682670980692,0.325173312574625,0.3159166857600212,0.3109074208885431,0.3020613407343626,0.29803817830979823,0.30463324397802355,0.30132307596504687,0.28513171516358854,0.2878474321216345,0.28731388717889783,0.28193052113056183,0.28267255797982216,0.2736030554771423,0.27577597096562384,0.27111092071980236,0.2761725179851055,0.2747898780927062,0.26713473748415706,0.2656381569802761,0.2702195317670703,0.27045611694455146,0.2652653346210718,0.2728144803270698,0.26421333886682985,0.26276399184018373,0.2637097673490644,0.2894060303643346,0.2589779886975884,0.2756418987736106,0.2583541554585099,0.2632003361731768,0.26646323919296266,0.25975628934800626,0.25656076706945896,0.2547738419473171,0.27135038040578363,0.2585283361002803,0.25926671624183656,0.26295805085450413,0.2544666447117925,0.2556033065542579,0.2570420267432928,0.2539993824064732,0.2507691578567028,0.2522006637603045,0.25127989657223226,0.2581601633131504,0.27181167390197514,0.24807558655738832,0.25146664947271347,0.25468456305563447,0.25553703375160697,0.25356601383537053,0.26145972475409507,0.2512984824925661,0.2559191020578146,0.24946087248623372,0.25283838011324405,0.24792572684586048,0.2490586731955409,0.24825883265584708,0.25541036024689673,0.25019022800028323,0.24810815691947938,0.24718166057020427,0.24676829509437084,0.25438492491841314,0.25079120323061943,0.24805142395198346,0.24970784824341535,0.24849220957607032,0.24777807470411062,0.24470839608460665,0.24888459932059048,0.24658118166029452,0.25104547299444674,0.2518205138668418,0.2573538203909993,0.2551020066812634,0.24578671485185624,0.25482725832611325,0.24668865367770196,0.24881023697555066,0.24636412758380175,0.24809942454099654,0.26576188080012797,0.246055760756135,0.2537773993611336,0.2504599080234766,0.24485097382217647,0.2443280905857682,0.24460554737597703,0.2582704745605588,0.24724853474646807,0.24478072810918092,0.25113072656095026
accPlot,0.85325,0.8711,0.8795,0.88275,0.88595,0.8862,0.8899,0.8941,0.89285,0.89155,0.8926,0.9014,0.8977,0.8977,0.9004,0.8995,0.90335,0.9022,0.905,0.901,0.9001,0.9046,0.90765,0.9035,0.904,0.9074,0.9026,0.9074,0.90675,0.9063,0.8952,0.9084,0.89895,0.90965,0.905,0.9062,0.90945,0.90935,0.91105,0.9032,0.9091,0.909,0.90845,0.90995,0.9126,0.9085,0.9116,0.91295,0.91185,0.9119,0.91045,0.90635,0.9146,0.91265,0.90955,0.9121,0.91005,0.90705,0.9115,0.9107,0.91245,0.91205,0.91285,0.91335,0.9135,0.91055,0.9133,0.9141,0.91395,0.9141,0.9101,0.9125,0.91175,0.91455,0.9139,0.9138,0.91545,0.91295,0.91325,0.91095,0.91125,0.91015,0.91005,0.91435,0.91015,0.9158,0.91355,0.91455,0.9142,0.90705,0.9141,0.9123,0.91325,0.915,0.9157,0.91555,0.90875,0.91335,0.9137,0.9113
trainLossPlot,0.6299074026197196,0.43774400614202025,0.40979542195796964,0.3836591190472245,0.3711187180504203,0.36451086357235907,0.35489057887345554,0.3432346339151263,0.3410678931325674,0.3302202237769961,0.3261655769869685,0.32448671348392966,0.3175306004472077,0.3142563267424703,0.31403471130877736,0.30909129017964004,0.30829698164016006,0.30515657089650633,0.3042764746770263,0.30151393193751574,0.29703521128743887,0.299119886867702,0.2965609469637275,0.29132714932784437,0.28971899004653096,0.2911624490469694,0.2918633305840194,0.2897279836051166,0.28474218828603626,0.28923837466165425,0.28682451110333207,0.28351614335551856,0.28181884694844483,0.2836251330934465,0.281888495311141,0.28204651923850177,0.2806672570295632,0.2780208597704768,0.27490552462637424,0.27773815816268327,0.27465973678976296,0.27474842477589845,0.2717895442992449,0.2712826365046203,0.27638808444142343,0.2712064738199115,0.27155554458498954,0.2677934354916215,0.2713611276075244,0.26977795127779247,0.26932541517540814,0.26867824317887423,0.2678593373298645,0.26894825886935,0.26883959252387285,0.26700895695015786,0.2692305713146925,0.26507355539128186,0.26055045284330847,0.26365274930372834,0.26789554696530105,0.26386492665857075,0.26309373093768956,0.2606622920371592,0.26561113687232135,0.26434650367125867,0.2613476328551769,0.261853232011199,0.25856165785342455,0.2612534216977656,0.2594858620688319,0.2646036357060075,0.2583901597186923,0.2644803430326283,0.262397297732532,0.2616421858780086,0.25899785064160824,0.26297097876667974,0.2567870021611452,0.25786719234660266,0.2576903414167464,0.2596727034263313,0.2606253457441926,0.2596045061945915,0.2564320485666394,0.25637815659865737,0.25499941950663924,0.2554948047921062,0.25692365581169724,0.26038864901289344,0.25735936710610985,0.25214551167562604,0.2574434491805732,0.2572655666992068,0.2543587613850832,0.2546414593234658,0.2530932077020407,0.25223934462293984,0.253534219879657,0.2554317197203636
trainAccPlot,0.773775,0.84395,0.8517,0.861875,0.8656,0.868,0.87335,0.875825,0.8755,0.8812,0.88295,0.881475,0.88395,0.88575,0.886025,0.888525,0.88905,0.8897,0.88915,0.890175,0.89165,0.8913,0.892875,0.893825,0.8944,0.893525,0.892525,0.894975,0.8968,0.89485,0.896025,0.89595,0.896925,0.89765,0.896875,0.8961,0.89735,0.89965,0.89925,0.897775,0.900175,0.900725,0.9015,0.89835,0.898075,0.899925,0.9022,0.901425,0.901425,0.9014,0.9022,0.901925,0.9011,0.903725,0.903025,0.902375,0.902675,0.90315,0.902975,0.902875,0.9015,0.902925,0.90345,0.904125,0.902,0.904125,0.9037,0.904675,0.9049,0.903875,0.9055,0.9028,0.90605,0.902725,0.90515,0.904,0.90515,0.90345,0.9056,0.905175,0.9063,0.904525,0.90365,0.9053,0.905825,0.9072,0.905575,0.906275,0.906275,0.904375,0.904725,0.90725,0.905225,0.904025,0.907,0.9076,0.90595,0.906875,0.905425,0.90795
lossPlot,0.4001677907258272,0.3773843402415514,0.3330387642234564,0.31976793125271796,0.3223775963485241,0.3088449134677649,0.2997247201949358,0.2946099219471216,0.29076350189745426,0.29256033539772036,0.2979690197855234,0.2800556977838278,0.2791430175304413,0.28006402105093003,0.27348859690129756,0.27227800488471987,0.27131862565875053,0.26914775535464286,0.2781273240596056,0.26989252053201196,0.27545324973762036,0.26538113117218015,0.27319316267967225,0.2847716800868511,0.26993792071938516,0.26789842918515205,0.2698466617614031,0.2679277651384473,0.25901386100798846,0.2583315934985876,0.25766139924526216,0.26757182892411946,0.2650914209336042,0.25343910679221154,0.2697475126385689,0.25459691379219296,0.26408372797071933,0.2531603738665581,0.2694100135564804,0.2565584217384458,0.25436618749052287,0.2599677854031324,0.25171825286000965,0.2545981774479151,0.2548008932173252,0.25354633554816247,0.25432510770857336,0.2612820511311293,0.25332675244659186,0.25164374966174363,0.25293325930833815,0.2706329342722893,0.25488213047385216,0.25052132081240414,0.2540226200222969,0.26060423973947766,0.2534354024380445,0.25558265525847673,0.2521353024989367,0.26273108579218385,0.2522290587052703,0.2500438663735986,0.25760831125080585,0.27035891756415364,0.2636521276831627,0.2524111570417881,0.2502848045155406,0.24918869372457267,0.2512295059114695,0.24848179079592228,0.2500065453350544,0.24968322705477475,0.26241167809814214,0.2668157535791397,0.2540113573521376,0.24888653572648764,0.24820185992866756,0.24983152329921723,0.24939776390790938,0.2615774306282401,0.24964570827782154,0.2533811034634709,0.26594338357448577,0.2671431814879179,0.25219158638268707,0.2493572434410453,0.25031000170856715,0.24773346945643426,0.2544079641252756,0.24704508267343045,0.24642879724502564,0.2467124869674444,0.24818354975432158,0.2470058161392808,0.2485733839124441,0.2590830066800118,0.25727561410516503,0.2502672911435366,0.2610518306866288,0.2540558000281453
accPlot,0.85815,0.86355,0.88025,0.88455,0.8833,0.89095,0.89265,0.8926,0.8943,0.89475,0.89315,0.8995,0.9006,0.8987,0.9024,0.90135,0.9012,0.902,0.89875,0.9043,0.90095,0.90485,0.90085,0.89695,0.9,0.90375,0.9025,0.9042,0.9105,0.9082,0.9073,0.90475,0.90555,0.90925,0.90065,0.91035,0.9073,0.9096,0.9035,0.90925,0.9094,0.9076,0.9105,0.9087,0.91005,0.9114,0.9082,0.90545,0.91035,0.91125,0.91045,0.9029,0.91015,0.9109,0.91015,0.90745,0.9094,0.91005,0.91015,0.90775,0.91145,0.911,0.9079,0.90385,0.90735,0.91065,0.9115,0.91175,0.90985,0.9118,0.9117,0.9118,0.90725,0.902,0.9083,0.9114,0.9124,0.91195,0.91115,0.9048,0.911,0.9102,0.90375,0.90425,0.91045,0.91245,0.9117,0.9134,0.90925,0.91395,0.91415,0.9137,0.91095,0.91325,0.9128,0.9066,0.9087,0.91275,0.90805,0.91025
trainLossPlot,0.6074126446247101,0.43918331805616617,0.3992973305284977,0.3828947869688272,0.3634061785787344,0.3580155573040247,0.3491384461149573,0.3398387647792697,0.3375130256265402,0.3301206324249506,0.32586550801992414,0.3230138297379017,0.32031042855232955,0.31267485186457633,0.3102154820412397,0.3077529551833868,0.30592901568859815,0.30432867074385284,0.2995087412744761,0.3004806549474597,0.29637555215507744,0.299291007630527,0.2933822438493371,0.2920710720308125,0.2941866564378142,0.2889735834300518,0.2877785976044834,0.29131842233240607,0.2884388257190585,0.2891734975576401,0.28427303830161693,0.2872745697572827,0.2825574279949069,0.28003765769302846,0.27990592826157806,0.2821817979961634,0.27891357950866225,0.2803482238948345,0.28028513889759776,0.2772110545821488,0.27600193591788413,0.27636902464553714,0.2729848045669496,0.27511214297264813,0.27148375732824204,0.27474288765341043,0.2752232472971082,0.2690637292899191,0.2723468638770282,0.27133377388119695,0.27051437640562653,0.2719956731051207,0.27267356049269437,0.27204811165109277,0.2686168217100203,0.26978127352893355,0.26641156876459715,0.26887205282226206,0.2684010927379131,0.26818462627008555,0.2665619088150561,0.26405229434370997,0.2678231067955494,0.2682439763471484,0.26477398719638584,0.26326508942991494,0.26576497407630084,0.26420813865959647,0.2622514203935862,0.26246965829283,0.26040397837758067,0.26631750816479327,0.2594980989769101,0.26406782379373905,0.26466222770512104,0.2635604350268841,0.25824090737849476,0.2615514559112489,0.26240963019430635,0.2614675003103912,0.25971031991764904,0.25993960808962585,0.2602024970576167,0.2613255789875984,0.2596591299958527,0.25894769102334975,0.2594129666313529,0.2584892975538969,0.255955854319036,0.2580283876881003,0.260254991594702,0.25766169318929316,0.2578919343650341,0.2538556446880102,0.25590956831350925,0.25667461758479476,0.2555771796777844,0.25531469605863094,0.2554243833757937,0.25556894740089775
trainAccPlot,0.77955,0.842375,0.855025,0.860975,0.869325,0.870825,0.874175,0.877425,0.877875,0.8808,0.884025,0.8839,0.88405,0.887025,0.887025,0.8916,0.889725,0.89225,0.89125,0.89125,0.894025,0.890325,0.894225,0.892,0.8949,0.895975,0.895175,0.89395,0.896225,0.896025,0.8974,0.89675,0.897425,0.89895,0.898275,0.89795,0.900025,0.898325,0.899,0.89795,0.899425,0.898875,0.90065,0.90015,0.901475,0.89985,0.899,0.902325,0.90095,0.9011,0.90175,0.900625,0.900625,0.901425,0.9025,0.901475,0.902575,0.90075,0.9014,0.901625,0.9021,0.90255,0.902575,0.901525,0.90465,0.90645,0.902325,0.902525,0.90405,0.9058,0.905875,0.904275,0.905675,0.9042,0.90515,0.90325,0.904525,0.904125,0.903575,0.90385,0.90635,0.90515,0.905675,0.9046,0.906025,0.905025,0.904775,0.905675,0.905975,0.905525,0.905025,0.90565,0.9058,0.90785,0.9068,0.90705,0.906975,0.906825,0.908,0.90705
lossPlot,0.41086364708840845,0.3664942491054535,0.3426446727663279,0.3292936524003744,0.31251699447631837,0.31310020670294764,0.3032702493667603,0.29145021237432955,0.30000040769577024,0.30987268276512625,0.2825895703583956,0.2779550240561366,0.27654017254710195,0.27802423492074013,0.2734186158329248,0.2740749292820692,0.2750478249043226,0.2694216525554657,0.3023273530602455,0.2689893124997616,0.2676433545723558,0.2682112103700638,0.27001030668616294,0.2668504576385021,0.2613195353746414,0.2652479030936956,0.2619452207162976,0.2591405513882637,0.25941845718771217,0.2680979993194342,0.25965359073132277,0.25639068268239495,0.25828276611864565,0.26146748542785647,0.2539039746671915,0.2590452695265412,0.2538370889797807,0.25117021396756173,0.28870629727840424,0.25487606417387726,0.25378603357821705,0.2600745421648025,0.25731208458542826,0.25171025708317757,0.27402907066047194,0.254858874194324,0.2524300904944539,0.2513002424314618,0.2623496352508664,0.24928472351282835,0.25354791168123486,0.2518292447552085,0.258583790846169,0.2550669673085213,0.25065516695380213,0.2490695530921221,0.24794974505901338,0.24828703939914704,0.2488279777765274,0.2552117923647165,0.24873773630708457,0.25347993955016135,0.2524603575840592,0.2462129534780979,0.25504201363772155,0.24801013115793466,0.2549230249971151,0.2610135780274868,0.2513451800867915,0.2498197955265641,0.24537353314459323,0.24872717544436454,0.2460868364572525,0.2588527425006032,0.2513156602159142,0.27804760694503783,0.2468780916184187,0.24923320539295674,0.24661774404346942,0.24832497011870147,0.24864531956613065,0.24973562747240066,0.2595169070735574,0.25045873325318097,0.24824419002979994,0.2487305534258485,0.25525073185563085,0.24861594669520856,0.24967615827918052,0.25804264925420284,0.2509131031110883,0.25487295515835284,0.2458834021165967,0.24848280765116215,0.26411598272621634,0.2528906392678618,0.24885737195611,0.24508208382874727,0.24552488375455142,0.24870181798934937
accPlot,0.85405,0.86805,0.8771,0.88215,0.89095,0.88995,0.8902,0.8975,0.892,0.8846,0.9009,0.9012,0.90085,0.9,0.90285,0.9017,0.90135,0.9046,0.88745,0.9064,0.9042,0.9061,0.90205,0.9061,0.9074,0.9079,0.9071,0.909,0.9087,0.90465,0.90895,0.9096,0.909,0.9056,0.91055,0.90835,0.90975,0.9104,0.89605,0.90925,0.91035,0.9084,0.9093,0.9132,0.90165,0.9094,0.9108,0.911,0.9057,0.9112,0.90845,0.91025,0.9081,0.90855,0.91045,0.9108,0.91145,0.9123,0.91185,0.9089,0.9104,0.90885,0.91,0.9111,0.90835,0.9108,0.9086,0.9058,0.9101,0.91255,0.91305,0.9115,0.9117,0.90745,0.90925,0.8999,0.91225,0.91165,0.91295,0.91075,0.9118,0.9107,0.90675,0.91025,0.91065,0.9114,0.9083,0.91155,0.91085,0.90765,0.9104,0.9086,0.9119,0.90995,0.90445,0.9092,0.9114,0.9129,0.913,0.9118
trainLossPlot,0.6253093945235014,0.44591403208673003,0.40842851117253304,0.38591711457818745,0.3784096524491906,0.3586928479000926,0.35389836844056843,0.3451319317519665,0.33907715037465097,0.3330908473953605,0.3284894918650389,0.32480191357433796,0.3216259004175663,0.32054633282124995,0.3145573327317834,0.31656453978270294,0.3102589879743755,0.309097555950284,0.304514212757349,0.3063030294328928,0.301328064315021,0.2977870463579893,0.29626502193510534,0.29585442516952754,0.29328522162511944,0.2909006935171783,0.29172842495143414,0.28932684518396856,0.28789896301925183,0.28753568723797795,0.2874302288889885,0.28392839871346953,0.28175026094540956,0.2840951793268323,0.28006710834801196,0.280654075872153,0.2847837187536061,0.2750128099322319,0.27709255188703535,0.27364647049456836,0.2751281270571053,0.2711195310018957,0.27493989273905756,0.2725702937506139,0.27360794864594934,0.2698411951959133,0.2685301773250103,0.2679767115600407,0.26930676274001597,0.2695029155164957,0.2674859747290611,0.27045086964964865,0.2683819720521569,0.27039764722809195,0.26699689311906694,0.264613436833024,0.2672391630709171,0.26520740080624816,0.2652054960094392,0.2625091919861734,0.2611631616391242,0.26680501252412797,0.2637103161402047,0.2633400433138013,0.262477572131902,0.26170580895617607,0.26232999658212064,0.26066316578537224,0.25808837162330744,0.26047975638881327,0.25901094276458025,0.25983154121786356,0.26468174360692504,0.26091810716316105,0.2585331240296364,0.25896723782643677,0.2599685906618834,0.2592552591301501,0.2605224562063813,0.25937060901895165,0.257069280333817,0.25717261668294666,0.25251370541751383,0.2590163867361844,0.2545077883452177,0.2555422956682742,0.2601142504252493,0.25364873118698594,0.2566852809302509,0.25184771297499536,0.25954799925908445,0.25563708422705533,0.2558262175321579,0.2559836503118277,0.2568048195540905,0.2525998864509165,0.25791335888206957,0.25233526384457944,0.2518699702806771,0.2563244321011007
trainAccPlot,0.771775,0.839525,0.853475,0.8593,0.86445,0.869125,0.87265,0.87665,0.877825,0.878775,0.88135,0.88265,0.884875,0.884175,0.88695,0.88625,0.887575,0.887725,0.890225,0.88875,0.890525,0.89345,0.8922,0.892725,0.893125,0.894175,0.894,0.895775,0.895575,0.897125,0.895525,0.897075,0.8973,0.8969,0.898875,0.898275,0.89615,0.8991,0.899825,0.8998,0.899775,0.89945,0.89855,0.9009,0.900075,0.9014,0.901875,0.901475,0.900375,0.90095,0.903225,0.9009,0.901675,0.90165,0.903825,0.903625,0.90165,0.9051,0.90195,0.903475,0.90375,0.9028,0.904875,0.9032,0.904,0.903525,0.903175,0.9049,0.905225,0.90505,0.9043,0.905075,0.903525,0.90455,0.9056,0.904625,0.9057,0.905475,0.903725,0.9038,0.9046,0.905525,0.90785,0.90435,0.9054,0.907575,0.903875,0.906175,0.9064,0.9069,0.90555,0.9064,0.90675,0.905425,0.907,0.9076,0.9052,0.90655,0.90655,0.9052
lossPlot,0.39979151882231234,0.3711111457645893,0.3640287155658007,0.3317531216144562,0.36001853421330454,0.3107615981996059,0.3013570497184992,0.3101048316806555,0.29850039958953856,0.3137311228364706,0.30298497036099437,0.29761330179870127,0.2832672055065632,0.28605095103383066,0.2875839337706566,0.27875919818878175,0.27842832580208776,0.27804372042417524,0.27740126214921473,0.283663200289011,0.27630642741918565,0.2737195075303316,0.272950224801898,0.286191818267107,0.2707031265646219,0.27633946046233177,0.2674701528251171,0.2935201632231474,0.2731225227564573,0.27159307546913625,0.2695909271389246,0.26180865466594694,0.26338054858148097,0.28237725369632244,0.2621868335828185,0.26817866157740355,0.26181540682911875,0.27006632901728156,0.2833930330723524,0.27298632748425006,0.2668086716532707,0.259801405146718,0.2552867086231709,0.2578301290422678,0.26932321324944497,0.26501585423946383,0.2588538208603859,0.25767125315964223,0.2548256938904524,0.25324293520301583,0.2523386752232909,0.2581026206165552,0.25816451020538805,0.25304148145020006,0.27159645289182666,0.254084455370903,0.30701581366360187,0.2765273502469063,0.2528125198930502,0.25325702857226134,0.2558347548916936,0.25197443682700393,0.2598265229165554,0.27202396631240844,0.25351017989218233,0.2535067231208086,0.2569544322416186,0.25267617516219615,0.2628668659925461,0.25109674673527477,0.25705061089247466,0.2545745112374425,0.257752938605845,0.2595078534260392,0.25465945303440096,0.25195027131587266,0.25163805421441793,0.2687393045797944,0.26249261267483237,0.25106870144605636,0.24934558257460593,0.25037659250199795,0.24922741763293743,0.251269377656281,0.25101498458534477,0.255920574888587,0.2535968257114291,0.2543761095777154,0.24696143705397844,0.2651019772142172,0.24797357108443976,0.24997831910848617,0.2565138470008969,0.2483491487801075,0.26863034918904305,0.2511810866370797,0.25503333766013386,0.2492546321079135,0.24813315264880656,0.2558043337240815
accPlot,0.8632,0.8689,0.86605,0.8801,0.86725,0.88745,0.8925,0.88815,0.8932,0.88495,0.8885,0.893,0.8987,0.89695,0.8968,0.89855,0.90155,0.9011,0.9002,0.89735,0.90255,0.90105,0.90225,0.8971,0.9032,0.89925,0.90315,0.8948,0.90205,0.9003,0.9008,0.9061,0.90295,0.8962,0.90615,0.9037,0.90665,0.9019,0.89645,0.9017,0.90465,0.90895,0.9094,0.90815,0.90235,0.9056,0.90615,0.9088,0.9095,0.9113,0.91025,0.908,0.90625,0.90995,0.9021,0.9086,0.88825,0.90215,0.9113,0.91075,0.91015,0.91095,0.9072,0.8999,0.90875,0.91125,0.9093,0.9083,0.90655,0.9113,0.9067,0.91085,0.90695,0.9065,0.9068,0.9096,0.90985,0.90345,0.9063,0.9102,0.9129,0.911,0.9115,0.9115,0.91045,0.90675,0.90795,0.9092,0.91135,0.90235,0.90975,0.911,0.90945,0.91225,0.90345,0.9108,0.9089,0.91275,0.91155,0.9106
trainLossPlot,0.6406312154978514,0.44484327487647535,0.4071280472353101,0.38390385068953037,0.37107948780059813,0.359374912455678,0.34955174814909695,0.34182759530842305,0.3368282786756754,0.3347614389657974,0.32886152412742375,0.3272303397208452,0.32309553641825917,0.31766778785735367,0.31488992530852555,0.31489218793809415,0.3120719438791275,0.3101881841570139,0.30749632354825734,0.3062459308281541,0.30150661680847407,0.30012141125276687,0.29733296651393176,0.2963139990903437,0.2970342268049717,0.29500249430537223,0.2947950339689851,0.2927511375024915,0.29124198406934737,0.2848713409155607,0.2873267291113734,0.2893923799879849,0.2866503464616835,0.2849140148982406,0.2830779349058867,0.28309964928776027,0.28234197638928893,0.2806482020393014,0.27925835026428103,0.27952016953378916,0.2806194680556655,0.2799570597335696,0.2750343631207943,0.277615845054388,0.27723552806302904,0.2760513326153159,0.2744757714122534,0.2761765198782086,0.2756561843678355,0.2767304295115173,0.27499782651662824,0.27559109633788464,0.27138760769739745,0.2711820656992495,0.2716895207390189,0.2673251465894282,0.2678719506971538,0.2681639755144715,0.2682652300596237,0.2697010286711156,0.2678242917358875,0.26817172922194005,0.26519434360787275,0.26897031631320717,0.26716649629175665,0.26650513757020233,0.26864323757588865,0.2655330997146666,0.26446141688153146,0.2633026632480323,0.26343399960547687,0.2660161732509732,0.2645397800952196,0.2650211931951344,0.2641271480731666,0.2607701301574707,0.26408893093466757,0.2607493594102561,0.26333360608667133,0.26504812913015485,0.26304241459816696,0.259435616992414,0.2574019874446094,0.26249839095398786,0.2604755730368197,0.25788080908358096,0.2599197623319924,0.2626297381520271,0.2584280986338854,0.25940209578722717,0.2625021746009588,0.25721200224012136,0.25606115410104396,0.2600192341208458,0.25897205678746105,0.25743834748864175,0.25747513232752683,0.256742406450212,0.2562687201052904,0.2562964166328311
trainAccPlot,0.771325,0.841275,0.85315,0.862075,0.866275,0.87085,0.87325,0.8768,0.87695,0.8784,0.88115,0.88205,0.883075,0.8856,0.886675,0.8867,0.886525,0.8876,0.88675,0.8891,0.890575,0.8907,0.892375,0.8938,0.88985,0.89125,0.8907,0.893825,0.894425,0.895675,0.89495,0.89465,0.89695,0.89575,0.896125,0.896175,0.896725,0.89655,0.897,0.897475,0.897775,0.8992,0.89855,0.89765,0.89835,0.898775,0.900325,0.899525,0.8986,0.898825,0.898225,0.901275,0.9007,0.899325,0.899725,0.901625,0.9012,0.9009,0.89975,0.900575,0.900525,0.901575,0.901475,0.900425,0.90235,0.900725,0.8998,0.901825,0.90255,0.903325,0.9014,0.90145,0.9036,0.903575,0.902825,0.905225,0.9041,0.904475,0.903525,0.9026,0.904375,0.903375,0.906125,0.90355,0.904425,0.905325,0.90575,0.901625,0.9046,0.904825,0.9046,0.904775,0.90555,0.904975,0.905275,0.904425,0.90535,0.905175,0.90565,0.9052
lossPlot,0.419453858435154,0.3592979877442122,0.34100618086755274,0.32383018486201764,0.31815301820635794,0.3119999250024557,0.30739664755761625,0.3039874257147312,0.305115621984005,0.2924490736424923,0.294073453322053,0.285527763068676,0.29363011449575427,0.298273206576705,0.2871773149818182,0.2911021843552589,0.27758992530405524,0.277804933488369,0.2752140898257494,0.27073469914495946,0.27288350224494934,0.27683260828256606,0.2744829335808754,0.26634342055767773,0.2654669177532196,0.2651854853332043,0.2696999105066061,0.2667363274842501,0.2685941959172487,0.2663818693906069,0.26175767987966536,0.26287869960069654,0.2610737150162458,0.2694579456746578,0.2596398886293173,0.2577217924594879,0.25758814785629514,0.25867212120443583,0.25976596064865587,0.25850742507725954,0.25856403619050977,0.2570495416596532,0.25689848080277444,0.26163627926260236,0.25900239802896974,0.25712304454296825,0.253889273442328,0.2568141634762287,0.2559136675298214,0.2645790980756283,0.2544588107988238,0.25275825031101706,0.2539794857800007,0.2532177199795842,0.25396957729011777,0.2585171104222536,0.25890469644218683,0.25650675170123577,0.25327960498631,0.2523875168338418,0.2537265281751752,0.2508040166273713,0.2547949554771185,0.2529433709383011,0.25086242757737637,0.2553888940811157,0.2536228082329035,0.2509823028370738,0.24932377345860005,0.24816677004098892,0.255792683288455,0.2554073812067509,0.25418180160224435,0.2681376638263464,0.24902880996465682,0.2678298094496131,0.2488302490860224,0.25219088323414324,0.24781104143708943,0.2587397025898099,0.2523444256186485,0.25164904218167067,0.250788807682693,0.2679603913798928,0.2515594572946429,0.2517067154496908,0.24883904181420802,0.24723119027912616,0.2606018226966262,0.24918406650424005,0.2502883864566684,0.24871654901653528,0.2512683660909534,0.24868684578686953,0.24891174606978894,0.2553697927296162,0.24765844136476517,0.24628587268292904,0.2520741257071495,0.2488527949526906
accPlot,0.84745,0.87135,0.88195,0.8854,0.88815,0.8901,0.8889,0.8943,0.88875,0.89765,0.89545,0.89715,0.8959,0.8918,0.89625,0.89665,0.90225,0.90005,0.9001,0.90305,0.9035,0.8985,0.9031,0.9035,0.90615,0.9061,0.9035,0.90445,0.90585,0.90615,0.90735,0.9067,0.90755,0.90345,0.90965,0.90835,0.9075,0.90845,0.9079,0.9069,0.90905,0.90905,0.9087,0.9087,0.90755,0.90985,0.91055,0.90955,0.9102,0.9059,0.91135,0.9105,0.91025,0.9113,0.9116,0.908,0.90825,0.90915,0.9114,0.9105,0.9114,0.9123,0.90955,0.9125,0.91275,0.91035,0.91125,0.91095,0.9117,0.9123,0.91015,0.90885,0.90975,0.9031,0.91305,0.9055,0.91255,0.911,0.9136,0.90855,0.91075,0.91165,0.91225,0.906,0.9118,0.91205,0.9136,0.91425,0.90685,0.91345,0.91245,0.9124,0.91185,0.91265,0.91265,0.90965,0.91335,0.91445,0.91265,0.9128
trainLossPlot,0.6341587552428245,0.44256580516695976,0.40596480228006837,0.3909165263921022,0.3774217899143696,0.3645093305781484,0.35502689719200137,0.3527151231467724,0.3426063819602132,0.3373282460123301,0.33114252507686615,0.32797422289848327,0.32075716834515333,0.3194633536413312,0.32062544852495195,0.31709357496351004,0.3159009223431349,0.31204835388809443,0.30923108603805305,0.3082675000280142,0.3052934112772345,0.3068945315480232,0.29972095556557177,0.3008310052752495,0.30245509143918753,0.2967489059269428,0.2930697035416961,0.2966750665940344,0.2970346657373011,0.2915458370000124,0.289878777526319,0.28755958113819363,0.28655072063207626,0.2882394541054964,0.28734938863664866,0.2829408957250416,0.28514753803610804,0.2869105513766408,0.28295848187059164,0.27996331103146077,0.2810594943352044,0.2822151563130319,0.2793033277615905,0.27926272310316563,0.28063522893935444,0.2795517259463668,0.27788194445893166,0.27642666259780524,0.27743894441053274,0.2790472633950412,0.275023577157408,0.27714761164039375,0.27266735430806877,0.27118098476901653,0.27258976235985755,0.27248499289155004,0.27170810678973795,0.2725918945297599,0.26998513149097564,0.2717834188044071,0.2735769740305841,0.2702696651779115,0.2707084011659026,0.2735321843251586,0.2707652936503291,0.2708470517396927,0.2683462481945753,0.2682524627447128,0.26614068444818256,0.2653038069978356,0.26449588539078833,0.2663714643009007,0.2658310509286821,0.2661976097896695,0.2647318612039089,0.26712290674448014,0.26540881948545575,0.266707565151155,0.2623417547531426,0.26534627348184586,0.2614997369237244,0.25993478190153835,0.2658872685208917,0.26383271083235743,0.2601430197618902,0.2635657372325659,0.2622915376350284,0.2600993246212602,0.2642168826237321,0.25935598419979217,0.2617621598020196,0.26171049393713475,0.26201624926179645,0.26002985909581183,0.25849443037062886,0.2582812151312828,0.26014884216710926,0.25963417064398525,0.25796263203024866,0.2596954909339547
trainAccPlot,0.771275,0.8393,0.853475,0.8594,0.86415,0.869075,0.871275,0.872075,0.8771,0.87785,0.880725,0.880775,0.88435,0.8842,0.883525,0.883925,0.886625,0.886325,0.887825,0.886725,0.888975,0.8882,0.89025,0.88995,0.889775,0.891875,0.89265,0.89235,0.892575,0.892825,0.8939,0.8949,0.894075,0.894875,0.896025,0.895475,0.8956,0.89485,0.896825,0.8976,0.897825,0.89625,0.897575,0.8957,0.896525,0.897975,0.899175,0.89905,0.897625,0.8987,0.8982,0.89915,0.899975,0.901025,0.900675,0.90035,0.89935,0.9,0.90095,0.900375,0.898875,0.9,0.9007,0.899675,0.899825,0.901675,0.9014,0.90175,0.9013,0.901575,0.902325,0.9033,0.902775,0.90245,0.902775,0.901675,0.901825,0.90225,0.9029,0.9032,0.9043,0.9034,0.903,0.904425,0.9048,0.90445,0.9029,0.90465,0.901525,0.90395,0.903225,0.904,0.904225,0.904625,0.90375,0.904625,0.9037,0.903425,0.904,0.904925
lossPlot,0.40534495398402215,0.3629808957129717,0.34140410393476484,0.3316995295137167,0.3123482097685337,0.3040103095024824,0.30446443319320676,0.29713038213551046,0.2932760363817215,0.28590246543288234,0.28647443890571594,0.2827436414361,0.2787859782576561,0.27572710648179055,0.27761993259191514,0.26780197478830814,0.27564424119889736,0.275542501732707,0.2691777989268303,0.27165226466953757,0.26601480789482596,0.2824908223748207,0.26472329333424566,0.2618138378858566,0.26404415927827357,0.268602190092206,0.2589393039792776,0.2638191395252943,0.26995963156223296,0.262061400860548,0.260504360049963,0.2592371966689825,0.26990916721522806,0.2587956517934799,0.25736724700778724,0.25700759924948213,0.25795493364334104,0.25887963593006136,0.2598630218952894,0.2579244603961706,0.25689788471907377,0.2557313798367977,0.25500236969441176,0.2535724190995097,0.2560606748238206,0.258906911611557,0.2522114399075508,0.26172747775912286,0.2532564987614751,0.267343814522028,0.2570546705275774,0.25448445867747066,0.2603502506017685,0.24965611699968576,0.25287771847099066,0.2507011752203107,0.2619488225132227,0.2511758240684867,0.24947095438838005,0.24789410430938005,0.2528951555490494,0.24781220644712448,0.24966407146304845,0.25819843128323555,0.24973761785775422,0.2507724483311176,0.2557819063961506,0.25618555292487144,0.25153933934867384,0.2525558472052217,0.24623959098011255,0.25362807996571063,0.25216092001646756,0.2586616655066609,0.2570561395958066,0.2423721307143569,0.24898940786719323,0.2532924449816346,0.25063556984066965,0.26375872641801834,0.2507506475225091,0.24898458678275348,0.25048798982053994,0.26762817073613404,0.2485057310014963,0.2464548586681485,0.268735904507339,0.24953748520463706,0.24785076200962067,0.2495334741845727,0.2443341877683997,0.251494902074337,0.2533197908103466,0.2585552813112736,0.24288619201630354,0.2464301747456193,0.247903996668756,0.246115096360445,0.25464669924229383,0.24352735310792922
accPlot,0.8596,0.86855,0.8809,0.8823,0.88905,0.89255,0.8907,0.89385,0.8976,0.8969,0.8975,0.90025,0.90035,0.90355,0.90295,0.9056,0.9047,0.9028,0.90465,0.90235,0.90535,0.89775,0.9075,0.9079,0.90625,0.9026,0.9096,0.9064,0.90465,0.9069,0.90815,0.90785,0.90445,0.90775,0.90845,0.91035,0.9097,0.9084,0.9079,0.90845,0.90705,0.90955,0.90885,0.91015,0.90895,0.90785,0.91135,0.90725,0.90935,0.90635,0.90675,0.9106,0.90755,0.912,0.9101,0.91095,0.9073,0.911,0.91125,0.91195,0.91,0.9115,0.91125,0.90845,0.9117,0.91095,0.9085,0.90905,0.91115,0.9106,0.91255,0.9107,0.91,0.9089,0.9094,0.9145,0.91145,0.91145,0.91145,0.9067,0.9107,0.91195,0.9118,0.9046,0.9106,0.9115,0.9029,0.91175,0.913,0.9108,0.91355,0.9102,0.90985,0.9087,0.9138,0.91295,0.9113,0.9121,0.91035,0.91365
trainLossPlot,0.6452678812295198,0.44050121665000913,0.40362124048173426,0.3861934680491686,0.3721072892099619,0.35886959042400124,0.34964002698659896,0.34247267857193947,0.3401572296395898,0.3328145329654217,0.32232363007962705,0.324697275608778,0.31911437422037126,0.3154565918073058,0.3128102021664381,0.30741859272122385,0.3081387446820736,0.30718037728220227,0.30109434012323616,0.3005593339726329,0.2981155257672071,0.295675267316401,0.29739328257739545,0.2925934668816626,0.29041264556348323,0.2897271719574928,0.28988747883588073,0.28882259495556356,0.28552949618548157,0.28595664266496895,0.28637797029688955,0.2846800248324871,0.28548876896500586,0.28337189100682736,0.28138358719646933,0.2810641037672758,0.2834305965900421,0.2790456784144044,0.27770451348274944,0.2783691040799022,0.2758929292112589,0.2743831763416529,0.27794422859326007,0.2740133076533675,0.27434966191649435,0.2712431776896119,0.270124218929559,0.27540459724143146,0.272145109269768,0.27225777562707665,0.27188437186181547,0.27015476373955605,0.2698888791725039,0.2726651993766427,0.266550030130893,0.2654753076098859,0.2652700255438685,0.2671663431636989,0.2650251363962889,0.262569459695369,0.2665575027652085,0.26329236103221776,0.26696973832324145,0.26252482920885084,0.2612406529299915,0.2602901625819504,0.2637583928741515,0.2609910847246647,0.2633968718349934,0.26272314829751847,0.26129799695685507,0.2615418598242104,0.26258726289495826,0.2606698801368475,0.2629440948739648,0.25918917955830695,0.26389091482385996,0.2566741924919188,0.2611871222220361,0.2602296866290271,0.2610009420104325,0.25555268220603466,0.2581914747878909,0.2609845489449799,0.25822544887661936,0.2608130531385541,0.25755763104185464,0.2579415669105947,0.25489371053874493,0.2551249040849507,0.2554694595001638,0.2574739285558462,0.257373501509428,0.2545057701319456,0.2572920003533363,0.25649969337508083,0.25589985670521853,0.2557146647386253,0.25570094203576443,0.25418152755126355
trainAccPlot,0.76645,0.842025,0.855125,0.859375,0.8664,0.870675,0.873575,0.8765,0.879175,0.88085,0.8837,0.882175,0.884,0.88565,0.887875,0.8878,0.8895,0.88735,0.891425,0.89145,0.8907,0.89255,0.8928,0.89405,0.89445,0.892225,0.892725,0.896,0.897,0.895475,0.8951,0.8963,0.8979,0.89595,0.89785,0.897675,0.897375,0.89675,0.8987,0.8988,0.89885,0.899425,0.899275,0.901,0.900125,0.902475,0.9017,0.898825,0.898925,0.899425,0.90105,0.901975,0.900925,0.90165,0.903675,0.9029,0.901575,0.9019,0.903325,0.90345,0.90405,0.90405,0.900475,0.904125,0.9043,0.904675,0.9027,0.90315,0.90345,0.904775,0.902825,0.902725,0.90315,0.9037,0.90345,0.90475,0.901825,0.90435,0.904325,0.90405,0.90475,0.906075,0.90705,0.90425,0.9051,0.905675,0.90725,0.904475,0.906625,0.906775,0.9063,0.903325,0.905725,0.907,0.90585,0.9064,0.906775,0.9067,0.905725,0.906375
lossPlot,0.39238129429519175,0.3674270636588335,0.3355741287767887,0.36285799711942673,0.3093181131780148,0.30448125340044496,0.3003137869387865,0.31092336229979994,0.2844923900812864,0.2998510181158781,0.28978714600205424,0.27906845465302466,0.28552172318100927,0.2827141336351633,0.2833798156678677,0.2764175622165203,0.2734058789908886,0.28053055725991727,0.2815417128801346,0.26764119274914266,0.26372177492827176,0.2730259696394205,0.2661801633983851,0.26484949365258215,0.2636621854454279,0.27877480678260325,0.26571131505072115,0.2659350690245628,0.2624059723317623,0.25984432984143496,0.2642653963342309,0.2602612079679966,0.2634669623523951,0.26441041454672815,0.25433076068758964,0.25766652077436447,0.26140019480139015,0.2571676806733012,0.25445232558995484,0.260643054805696,0.25658259086310864,0.2547435309737921,0.2526806161925197,0.26724739592522384,0.2499030701443553,0.25570959780365227,0.2512477110698819,0.2498456908389926,0.24858403839170934,0.2518254041299224,0.2502420389279723,0.24919714659452438,0.2540563095360994,0.25199776273220775,0.2529970955103636,0.25271334405988455,0.2494711147248745,0.2513193625956774,0.2623095565289259,0.2538850624859333,0.24760633796453477,0.2527633747085929,0.2518483555689454,0.2555741021409631,0.2534184912592173,0.2500059055909514,0.2565120671316981,0.2608442255109549,0.2531337883323431,0.2529090443253517,0.2565575625002384,0.24769494604319334,0.2524964927509427,0.2482529389858246,0.24945561669766902,0.24754325691610574,0.24555933233350516,0.25142927896231415,0.2587138320505619,0.2457201452180743,0.24757502548396587,0.25160772558301686,0.24968748208135366,0.25785238221287726,0.25402058612555267,0.24660507515072821,0.2596816062554717,0.2612272563949227,0.24879553865641355,0.24958597969263793,0.24439898677170277,0.24782736022025348,0.24933113273233176,0.24815709479153156,0.26372633047401906,0.2448301712051034,0.2512009057030082,0.25115272752940654,0.2543647556751967,0.24803558383136987
accPlot,0.86195,0.867,0.8789,0.8669,0.89155,0.8917,0.8917,0.88605,0.89845,0.8913,0.89405,0.90105,0.8983,0.89905,0.897,0.9014,0.9022,0.89875,0.89525,0.90205,0.9033,0.8994,0.9043,0.9053,0.90475,0.89915,0.905,0.90475,0.90605,0.9069,0.9054,0.908,0.9046,0.90335,0.9102,0.90635,0.90635,0.9079,0.9084,0.9075,0.9095,0.90895,0.91005,0.904,0.91075,0.9098,0.91125,0.9114,0.9127,0.91125,0.9114,0.91045,0.90825,0.90875,0.91,0.9114,0.91185,0.91025,0.90675,0.9107,0.9127,0.91115,0.91115,0.90845,0.9107,0.91085,0.90875,0.9076,0.9104,0.90875,0.90865,0.91065,0.91115,0.9127,0.91195,0.91275,0.91345,0.9118,0.9085,0.9139,0.91215,0.9105,0.911,0.9093,0.9097,0.9119,0.90915,0.9076,0.91105,0.91225,0.9125,0.9132,0.9107,0.9124,0.9064,0.9147,0.9118,0.9105,0.91035,0.9131
trainLossPlot,0.6184536971151828,0.4329949851706624,0.40205377265810965,0.37797276586294176,0.3696144304797053,0.3566082150116563,0.35144573740661145,0.3427723107859492,0.33588127467781304,0.32874143779277804,0.32935976568609476,0.3213312214240432,0.3181174696609378,0.31557415552437307,0.31001716408878566,0.3120419324375689,0.3020703510195017,0.30350889537483455,0.30150692649185656,0.2980353856831789,0.2948324403911829,0.2937063494697213,0.2900408385321498,0.29378775469958784,0.28978077214211223,0.2905175378918648,0.288427374381572,0.28685244530439374,0.2876763797365129,0.28256543224677444,0.28115592267364264,0.28352914374321697,0.2829101003706455,0.2782379424199462,0.2758263632282615,0.27728706527501346,0.27652552161365745,0.2761992599070072,0.27815731093287466,0.2723366854898632,0.2729941650107503,0.2756181323155761,0.27086299112066625,0.2727107449993491,0.27113349029794337,0.2704823329858482,0.2677861554175615,0.27042345885187385,0.2672705755382776,0.2661838543601334,0.2694206330738962,0.2653641639277339,0.26721966683864595,0.26835865899920464,0.2660230717621744,0.2645288462564349,0.26428927060216667,0.26594178393483164,0.26464431939646604,0.2626546074822545,0.26337964810431,0.2674225802533329,0.2635399422980845,0.2638896002434194,0.26338338349014523,0.26364805866032837,0.2657010496035218,0.26421125466004014,0.2644532063230872,0.2621033612079918,0.2614089121297002,0.26191306781023743,0.26004069397225976,0.2572676601819694,0.25857857609167695,0.26157132072374223,0.25939759854227307,0.2575493848137558,0.2605669987201691,0.25928424222394825,0.25774173203855755,0.2611071068048477,0.25794658284634353,0.25761504961177706,0.2567185527086258,0.25775590650737285,0.25671300387009977,0.25456695884466174,0.2583888306282461,0.25514430172741415,0.2578468194417656,0.2557571621797979,0.25454246267676356,0.25434747060760854,0.25802084885537624,0.2542798400297761,0.2548339454084635,0.25593692174181343,0.2512775331549346,0.2523255916498601
trainAccPlot,0.7777,0.8443,0.8546,0.865125,0.865975,0.871875,0.87295,0.875025,0.8777,0.8811,0.881725,0.883175,0.885175,0.8859,0.8868,0.8858,0.890425,0.8875,0.890725,0.89015,0.893,0.89105,0.89375,0.892325,0.893825,0.891925,0.8957,0.896075,0.894925,0.89575,0.8958,0.897275,0.896025,0.897475,0.8976,0.8979,0.898525,0.899075,0.897975,0.901025,0.899975,0.898125,0.901725,0.897875,0.900275,0.9013,0.9013,0.900775,0.90085,0.902275,0.9017,0.9031,0.901125,0.899875,0.903075,0.904025,0.90275,0.9038,0.902925,0.903125,0.904125,0.90105,0.9031,0.902825,0.902875,0.903925,0.902375,0.903,0.902025,0.903975,0.904325,0.903675,0.904525,0.904275,0.905225,0.9049,0.9044,0.906,0.90435,0.90385,0.90685,0.90525,0.9056,0.904625,0.905025,0.90525,0.905275,0.907225,0.90525,0.90595,0.903925,0.90635,0.906475,0.906075,0.90625,0.90615,0.9076,0.9059,0.907525,0.908375
lossPlot,0.42586595863103865,0.3593740873038769,0.34853451170027255,0.34743443489074705,0.34054701499640944,0.3141352170705795,0.31606769844889643,0.30546442471444607,0.30404047437012194,0.3115875789523125,0.29764423817396163,0.29395359218120576,0.3031124280393124,0.290414085611701,0.28771081671118737,0.2836870875954628,0.28788469851016996,0.30080198012292386,0.29160318240523336,0.2834871269017458,0.2821165581047535,0.2765366192162037,0.2715291473269463,0.2720607968047261,0.27891773082315924,0.2736446284502745,0.27535260386765004,0.2693870019167662,0.27100236937403677,0.26827201548963786,0.2668109559640288,0.26782193791121245,0.26678948029875754,0.2697846944257617,0.2676401060819626,0.2718583571910858,0.2651231653988361,0.2752872718125582,0.26259211100637914,0.2639653887972236,0.25898380123078824,0.26912620522081854,0.2681912323832512,0.26960769057273865,0.2599523701891303,0.2651678911969066,0.2581996667012572,0.2580574706196785,0.2589052151143551,0.2697125522047281,0.2583915295824408,0.2678115829080343,0.2556863159313798,0.25581554528325795,0.25714154083281754,0.26018289040774106,0.26119004845619204,0.25487718801945447,0.2619790691882372,0.25689113669097424,0.25302392527461054,0.25458297912031413,0.255721687078476,0.2627731016278267,0.25423812367022036,0.25545200016349556,0.25523985106498004,0.2568720329925418,0.2584895499795675,0.25372469127178193,0.2524655125662684,0.2555048906803131,0.25217195667326453,0.2574437595531344,0.25422289498150347,0.2595607506483793,0.2510670206323266,0.24812657497823237,0.2497325649857521,0.25530911415815355,0.24716213900595904,0.2498180828243494,0.25363184601068495,0.2503662659972906,0.24950740352272988,0.2787253700196743,0.24851105540990828,0.25815086904913187,0.24932384230196475,0.2573941307514906,0.25699654877185824,0.25130130499601366,0.25386635582894085,0.25048827815800906,0.24937861785292625,0.2485265463963151,0.26031883046030996,0.2512090203911066,0.24600046012550592,0.2483674057200551
accPlot,0.8452,0.8725,0.8731,0.8748,0.87465,0.88855,0.8855,0.8898,0.89175,0.8859,0.8939,0.89565,0.8912,0.89555,0.8961,0.9001,0.8969,0.8886,0.89465,0.89805,0.89785,0.90175,0.90285,0.90325,0.90035,0.90175,0.9022,0.905,0.90365,0.9039,0.9056,0.9044,0.9045,0.9032,0.90325,0.9036,0.90575,0.8984,0.9075,0.9057,0.90785,0.90275,0.9019,0.90115,0.90775,0.9057,0.9065,0.9078,0.9083,0.90335,0.9072,0.9032,0.90725,0.9094,0.9085,0.9064,0.90545,0.90945,0.9065,0.90735,0.9103,0.9083,0.90845,0.9048,0.9111,0.9087,0.9084,0.90815,0.9079,0.90925,0.9092,0.9088,0.91035,0.90935,0.91065,0.9066,0.9102,0.912,0.9112,0.9085,0.91205,0.90945,0.91015,0.91005,0.9109,0.89775,0.9125,0.9078,0.91305,0.90815,0.9081,0.91115,0.9103,0.91085,0.91105,0.9112,0.90615,0.909,0.91175,0.91195
trainLossPlot,0.63406319193542,0.447530848570168,0.4135112500563264,0.39740708213299514,0.3837331799045205,0.3667765689268708,0.3600527051091194,0.35604847967624664,0.34481071088463067,0.3442219116538763,0.3370792814344168,0.332332606613636,0.32854431189596656,0.3263144049420953,0.32330707177519796,0.31593625716865065,0.31502669777721165,0.3148948473855853,0.31232030265033245,0.31248499255627393,0.30770266212522984,0.30558852791786195,0.3062492724880576,0.3007831465639174,0.30375379920005796,0.296462986599654,0.29219002068042754,0.29790111411362885,0.2971472131088376,0.2929005018435419,0.29642397109419105,0.28943195097148416,0.2878993195295334,0.28949062403291465,0.2880397561565042,0.2870118384435773,0.288344649374485,0.2848732046969235,0.2862733080983162,0.2863323902711272,0.2817727528139949,0.28633448185399174,0.2836682693846524,0.28351482447236775,0.28262593384832146,0.2802400078624487,0.28170315649360417,0.2780918940342963,0.28004946233704686,0.28114447152242067,0.2779272899031639,0.2764252935163677,0.28113530604168774,0.27840638123452666,0.27445345724001524,0.27286498706787826,0.27420084204524753,0.272053528111428,0.27250059047713876,0.2709593049809337,0.27531929422169926,0.2712916021421552,0.2726326227374375,0.27335599370300767,0.27327236844226716,0.2699089065007865,0.2677915825508535,0.270630453415215,0.26796113785356285,0.2664657252654433,0.26652184896171094,0.2676206278428435,0.26859415639191864,0.26634030481800436,0.2689554115757346,0.2665776818059385,0.2608863735385239,0.2645176727324724,0.26538949614390733,0.26453087661415337,0.2637400680221617,0.2635084981098771,0.2638131477683783,0.26537332763895394,0.26407397393137216,0.26293097276240585,0.2634916724637151,0.26363048747181894,0.26165667418390515,0.2606700460240245,0.2632916518300772,0.2621514845825732,0.2625750920176506,0.2560567321628332,0.2654354098625481,0.26066063344478607,0.2613391854800284,0.2599581098556519,0.25856593150645496,0.2628534588776529
trainAccPlot,0.771125,0.838375,0.850575,0.85565,0.86095,0.8666,0.87075,0.871775,0.875825,0.8748,0.877075,0.88075,0.88125,0.880725,0.8809,0.885425,0.88625,0.88615,0.88555,0.88605,0.88875,0.8894,0.88795,0.89125,0.891,0.892375,0.89335,0.8927,0.89185,0.892675,0.89265,0.8951,0.89615,0.8939,0.895475,0.89465,0.892925,0.89595,0.8948,0.8947,0.898,0.8954,0.897,0.8962,0.89745,0.898425,0.898125,0.8983,0.89735,0.897425,0.8982,0.898825,0.89765,0.898375,0.8996,0.899425,0.89995,0.89985,0.900125,0.901275,0.899825,0.90175,0.9006,0.900275,0.899975,0.899875,0.902625,0.90105,0.90085,0.903425,0.90245,0.90155,0.90125,0.902775,0.9016,0.901675,0.904575,0.90255,0.9044,0.904,0.904275,0.9033,0.903525,0.90245,0.90255,0.90395,0.903,0.903175,0.90505,0.904275,0.9047,0.9041,0.905025,0.90685,0.903225,0.9056,0.9039,0.90385,0.9038,0.9029
