lossPlot,0.49779103487730025,0.44350229039788247,0.41952869683504107,0.38860844776034353,0.38194134168326854,0.3659748945385218,0.3571355874836445,0.34575902357697486,0.33518491610884665,0.3310181661695242,0.321996762752533,0.3334374059736729,0.32370343923568723,0.32253828771412374,0.32260766588151457,0.3150419003516436,0.3043746027350426,0.3171114104986191,0.307442142367363,0.31142645083367826,0.31989434696733954,0.2980333997309208,0.29909598030149936,0.29956261210143564,0.3019867048412561,0.29531893946230414,0.3069388205558062,0.30707166276872155,0.3009142370522022,0.30545701429247857,0.3083518536388874,0.30026616469025613,0.29169679678976534,0.2969858879595995,0.29751627162098887,0.290320590287447,0.3092330374568701,0.29946638606488707,0.2930260956287384,0.2933649645000696,0.29740728572010994,0.29614841789007185,0.28744481682777406,0.2944380247592926,0.29649884924292563,0.28847349420189855,0.28622957445681096,0.285912701562047,0.2785749921947718,0.2901444422453642,0.3169521190226078,0.2956060056388378,0.29161600928753617,0.2877471024543047,0.3070615800470114,0.28508319571614266,0.27906935051083565,0.28681734405457976,0.30610501796007156,0.27952879935503006,0.28543563529849053,0.28671037796884774,0.2747434052452445,0.28580204594880343,0.28911826841533184,0.28076006736606357,0.2965007518604398,0.28333336729556324,0.29290754556655885,0.27998865753412244,0.28536438770592215,0.28545032016932964,0.2875181518495083,0.28408695220947267,0.27662195891141894,0.2887657605856657,0.28795917235314844,0.28597936578094957,0.28389563761651515,0.29136246562004087,0.29337334364652634,0.2790778803452849,0.2788654362410307,0.3019307448714972,0.2812595798075199,0.2741830778121948,0.2875315306335688,0.2850608391314745,0.2840805207192898,0.2863600617647171,0.27899438217282296,0.28241975013166665,0.28499815464019773,0.282773750461638,0.28958706274628637,0.2893881317973137,0.28437279917299746,0.28934176206588746,0.2860637703537941,0.2848133336007595
accPlot,0.8239,0.8386,0.8496,0.85885,0.85975,0.87015,0.87135,0.87555,0.88175,0.88215,0.88485,0.88495,0.88705,0.8846,0.8861,0.88905,0.892,0.88645,0.89165,0.8864,0.88625,0.89205,0.89315,0.89545,0.89345,0.8956,0.89145,0.89185,0.89365,0.8928,0.89235,0.8963,0.8981,0.8958,0.8912,0.89795,0.88685,0.895,0.8955,0.89605,0.89655,0.89475,0.90245,0.89715,0.896,0.8981,0.8992,0.89925,0.9024,0.89845,0.89005,0.89615,0.8965,0.898,0.8932,0.9002,0.90335,0.90145,0.8914,0.90395,0.90085,0.8999,0.90565,0.90265,0.89755,0.9031,0.89705,0.89845,0.89515,0.90185,0.89805,0.90135,0.89915,0.9003,0.9045,0.9009,0.89765,0.902,0.9021,0.8955,0.89785,0.9041,0.90305,0.8952,0.9012,0.905,0.89845,0.9016,0.9007,0.90195,0.9042,0.9017,0.8994,0.90145,0.89745,0.8978,0.90095,0.89695,0.89835,0.90185
trainLossPlot,1.3561866352707148,0.5704287144541741,0.5183772509545088,0.49273315198719503,0.4661794498562813,0.4519546751305461,0.4357309131324291,0.4246885418891907,0.4109311640262604,0.4019183065369725,0.3976871958002448,0.3903103322535753,0.3812772628292441,0.37719874959439037,0.37545080795884134,0.366984277293086,0.36453601900488136,0.3622857654094696,0.3600935433059931,0.35440361224114897,0.3542747103050351,0.3503118401393294,0.3481702562049031,0.3428830290026963,0.3456837575882673,0.3417139643058181,0.33771843183785677,0.343330450989306,0.34235572170466183,0.33367312885820866,0.3308977558463812,0.33276448126882313,0.3305660004168749,0.3345024283602834,0.33227590162307025,0.328438915014267,0.3256338370963931,0.3225640419125557,0.32299724880605934,0.32440899312496185,0.328143843524158,0.31682509753853083,0.3248485695943236,0.32377808794379237,0.32259066877886655,0.32223686020821335,0.31674070324748754,0.3211692120879889,0.3149500335380435,0.31773030914366246,0.3150363547168672,0.3169782591611147,0.3156383760273457,0.31362532475963234,0.3149375730380416,0.31232963647693396,0.3118230728246272,0.3145047437027097,0.31270614981651307,0.3115714889019728,0.3154417596012354,0.30890352923423053,0.31315250612795353,0.31116283813491463,0.30765402384102347,0.3104347694478929,0.31314835488796233,0.30848160307854416,0.3114605562388897,0.31251710798591376,0.31578083058819173,0.3092122008651495,0.30848190318793056,0.307716540787369,0.3060385774821043,0.3058511001802981,0.3106855035200715,0.3079126801714301,0.3073860890418291,0.3026583023741841,0.2998435264825821,0.3111688244715333,0.3054116315580904,0.30561219338327644,0.3023515883088112,0.2992021749727428,0.3046904044225812,0.30152863025665283,0.30567723957821724,0.3027347007580101,0.3046551376581192,0.30245249800384044,0.3024735702946782,0.3062629709392786,0.3038834344036877,0.3066499350219965,0.30478142431005834,0.2987290603667498,0.3027080963924527,0.3041442591696978
trainAccPlot,0.703075,0.7942,0.815875,0.82075,0.830075,0.8364,0.84195,0.8441,0.84955,0.853525,0.855575,0.859,0.8604,0.862225,0.8625,0.8655,0.867025,0.87055,0.869475,0.870075,0.87005,0.871225,0.872675,0.872775,0.874175,0.876325,0.875475,0.876125,0.875625,0.877125,0.8796,0.879,0.878,0.8768,0.87895,0.878275,0.882075,0.881975,0.88225,0.8815,0.879175,0.8827,0.880275,0.880775,0.8817,0.883625,0.883675,0.88225,0.88475,0.88125,0.8837,0.882675,0.88605,0.88345,0.883,0.88645,0.884825,0.88495,0.884775,0.88565,0.884,0.8862,0.8854,0.883875,0.8874,0.884425,0.88675,0.886775,0.884325,0.883775,0.8839,0.88605,0.887125,0.887875,0.887225,0.88835,0.886375,0.886175,0.88715,0.888925,0.889,0.88715,0.888325,0.88725,0.88975,0.890575,0.8894,0.888875,0.8862,0.889175,0.885625,0.8883,0.8887,0.8875,0.88765,0.885725,0.88635,0.88905,0.8899,0.88835
lossPlot,0.49942308485507964,0.44795494228601457,0.41021651819348337,0.39416813366115094,0.3731584816426039,0.3767117143422365,0.35723265081644057,0.35016949035227296,0.35120375409722326,0.33865339308977127,0.32524709768593313,0.32951583944261076,0.31519340626895426,0.31187085777521134,0.3115145154297352,0.3030042224377394,0.31319175645709035,0.3085132868587971,0.3042168176919222,0.3053801237046719,0.30049950793385505,0.2999267490953207,0.30001399338245394,0.2975413650274277,0.2917635428160429,0.30756362169981005,0.28964686013758184,0.2868278224021196,0.2820391349494457,0.2884759188443422,0.2967128393054008,0.28245717227458955,0.28736594691872597,0.28591930113732816,0.28583489038050175,0.2843415517359972,0.28135922849178313,0.28317362189292905,0.28675847813487054,0.28396731078624726,0.29011408567428587,0.2872136639803648,0.2778626671433449,0.28763119883835314,0.29134793527424335,0.28204535953700544,0.28273697637021544,0.28036860227584837,0.28201052837073803,0.28234930723905566,0.27882822215557096,0.28505676656961443,0.2737893680483103,0.27701554726809263,0.2763119729608297,0.28386116057634353,0.28658249117434026,0.2795971916615963,0.27805686116218564,0.2821856591105461,0.27855633698403837,0.2734413884580135,0.2881932593137026,0.28519112315028905,0.3011326384544373,0.2769055640697479,0.2939638437703252,0.2838046339154243,0.2818824367970228,0.2737644135206938,0.27614090271294117,0.2884128252789378,0.278086513094604,0.2761744596064091,0.28010089948773387,0.28124455668032167,0.2747811149060726,0.2795530910789967,0.28511622559279204,0.2882360865920782,0.2779303877800703,0.27673217676579953,0.2794916034117341,0.2806109643727541,0.28793326403945685,0.2792177952453494,0.28969783924520015,0.28028824914246797,0.27508994661271574,0.2936024598404765,0.27997546657919886,0.2823759063333273,0.2822726540267467,0.2847643468156457,0.2829815046861768,0.2812600075826049,0.2840675915405154,0.28012164257466793,0.29044926054775716,0.2798958649113774
accPlot,0.8221,0.83975,0.8534,0.8569,0.8632,0.86015,0.8692,0.87555,0.8737,0.8752,0.8826,0.8798,0.8869,0.8874,0.88925,0.89275,0.8861,0.89255,0.8931,0.8881,0.89085,0.89395,0.8904,0.8948,0.8955,0.88755,0.89575,0.8982,0.90135,0.89845,0.89405,0.89825,0.89825,0.90025,0.90005,0.90045,0.8999,0.9016,0.89995,0.89985,0.89665,0.8995,0.90135,0.89485,0.8953,0.9018,0.90095,0.8997,0.90025,0.89795,0.90005,0.89935,0.90295,0.9024,0.9027,0.8986,0.89925,0.90055,0.9032,0.90055,0.90075,0.9008,0.8974,0.8963,0.8944,0.9021,0.8976,0.8994,0.89835,0.9046,0.90285,0.8951,0.9016,0.9015,0.89935,0.90045,0.9035,0.90005,0.8973,0.89665,0.9022,0.90375,0.903,0.89975,0.89495,0.90055,0.8979,0.9026,0.9035,0.89605,0.9003,0.8993,0.89955,0.89945,0.90015,0.90235,0.89965,0.90175,0.8973,0.90225
trainLossPlot,1.4478720960766076,0.5785886272788048,0.5201477234065532,0.48960579581558705,0.4609818709641695,0.44504716973751784,0.43720635648816825,0.42170704156160355,0.40668665498495105,0.4011595020443201,0.3947759308293462,0.38589678961783647,0.3720794191211462,0.3712984873354435,0.3658726411312819,0.36246897276490925,0.35636247765272855,0.35382887568324806,0.3473092718794942,0.34504226870834825,0.33908324990421534,0.33680837249383333,0.33781907230615615,0.3345030902698636,0.32889383293688296,0.329174971356988,0.3327246768772602,0.3267145550996065,0.32421850334852936,0.31972549851983784,0.31626488879323006,0.32121993858367204,0.3204007549956441,0.3239084532484412,0.3184939904510975,0.31416612584143877,0.31486305490136146,0.3130720832943916,0.30870712392032146,0.3120896825753152,0.3112143652699888,0.3117336969822645,0.3140893239155412,0.3146147823706269,0.3067871003225446,0.3111246905103326,0.3116292703896761,0.3067688331007957,0.3085122482478619,0.3098042101785541,0.3056727348268032,0.3074342415854335,0.3097985515370965,0.30604101162403824,0.30349132150411606,0.2999441552907228,0.3015064521878958,0.3049914347566664,0.3032232875749469,0.3047436558827758,0.29956772243604063,0.306017793007195,0.3052022335678339,0.3010857652872801,0.30194454491138456,0.29960510943084956,0.2972675441205502,0.30491739090532066,0.2973517515137792,0.30052012510597703,0.3028759656846523,0.29648814141750335,0.30031508769840004,0.29958059258759023,0.30557958092540505,0.300967988781631,0.2979855645634234,0.29881805207580325,0.30299162860959766,0.29875262554734944,0.29834009336307643,0.2978782909363508,0.3006610463187098,0.3007827247865498,0.29635717391967775,0.30319264248013494,0.3029513417929411,0.2972461673244834,0.29319896833971143,0.29615199476480486,0.2929109000787139,0.29435103395953777,0.29918866373598574,0.29925006709992885,0.2942772275209427,0.29735542092472317,0.2951974495127797,0.29649968836456536,0.2966409772634506,0.29794877354055643
trainAccPlot,0.692175,0.793125,0.812025,0.824525,0.83305,0.83715,0.83965,0.845425,0.85245,0.853975,0.855825,0.85795,0.862875,0.8633,0.866875,0.867675,0.86845,0.872575,0.8726,0.872325,0.874325,0.87625,0.87615,0.877925,0.881025,0.8793,0.8779,0.880975,0.880475,0.88225,0.8818,0.881875,0.880925,0.88045,0.88295,0.883725,0.884425,0.8858,0.885125,0.886025,0.8867,0.8846,0.88405,0.8822,0.887,0.88575,0.8853,0.886,0.88785,0.885825,0.88685,0.885475,0.88435,0.886225,0.887975,0.888025,0.8871,0.886725,0.888325,0.8893,0.889625,0.8874,0.88615,0.888275,0.8891,0.887675,0.88955,0.887675,0.88925,0.889475,0.887325,0.8907,0.888625,0.88835,0.8856,0.8879,0.88975,0.891175,0.887575,0.88895,0.8906,0.89115,0.88885,0.89055,0.88995,0.8881,0.889725,0.890275,0.892675,0.890775,0.889475,0.89065,0.88865,0.8883,0.892075,0.889725,0.890275,0.890225,0.88835,0.89015
lossPlot,0.49171367585659026,0.45352292224764823,0.41515964314341547,0.415415266007185,0.39750879012048246,0.3831722404062748,0.387803520411253,0.3654837852716446,0.34419840298593046,0.3469738551974297,0.34154301658272745,0.330907576829195,0.32716120049357417,0.31913718074560166,0.3224917885661125,0.30429890237748625,0.3097143925726414,0.30892335712909696,0.3087717637419701,0.3082394423335791,0.29827336110174657,0.29960495717823504,0.29579331785440444,0.30308805607259276,0.3043163437396288,0.2962154725939035,0.2954200105369091,0.29159680753946304,0.29928443737328053,0.2949187261611223,0.2993495411425829,0.2936206117272377,0.2926492056250572,0.29207902945578096,0.2887608440220356,0.2912460344284773,0.31096459783613684,0.3009972204267979,0.284550798162818,0.2834412931278348,0.2843716153502464,0.319983574450016,0.28682331994175914,0.2878577772527933,0.2921490702033043,0.30222078785300255,0.2892067738994956,0.29626902267336847,0.2861993186175823,0.2880876616388559,0.2849330136179924,0.28542360812425616,0.30407667219638823,0.2857876601442695,0.28245318718254564,0.28440605774521827,0.2926746789366007,0.3026607109978795,0.28853565581142904,0.28011284574866296,0.2823374195024371,0.2844080579280853,0.2854971092939377,0.2862619090080261,0.27976319424808027,0.28376032076776025,0.2831797610968351,0.2982337000966072,0.2900528544932604,0.3158640595525503,0.2915308789908886,0.28258995298296213,0.28542295556515457,0.2839078041911125,0.28297980658710004,0.29187340669333933,0.28453243531286715,0.28700780604034665,0.30918395102024077,0.29960240572690966,0.2854055091738701,0.280630732960999,0.28191127218306067,0.279075468480587,0.27596847772598265,0.2868423254787922,0.2810116901248694,0.2866338324174285,0.2835774625837803,0.28214707769453523,0.28428488444536926,0.2989860542863607,0.28995166197419164,0.27583863560110333,0.2856592293083668,0.283275845348835,0.29283151537179947,0.28910785004496575,0.2778162334114313,0.27996080297976733
accPlot,0.82175,0.8319,0.8478,0.8472,0.8598,0.8645,0.86285,0.8656,0.8774,0.87435,0.8816,0.8818,0.883,0.8877,0.88645,0.89295,0.8924,0.89215,0.89335,0.892,0.8959,0.895,0.896,0.8932,0.89415,0.89715,0.89515,0.8956,0.8979,0.89765,0.8952,0.8969,0.89765,0.89605,0.8994,0.8984,0.89085,0.895,0.89945,0.89945,0.89925,0.88415,0.8988,0.8978,0.8967,0.89305,0.8983,0.8985,0.9025,0.89975,0.8981,0.90045,0.89285,0.9004,0.8989,0.90245,0.89495,0.8922,0.9002,0.8995,0.90225,0.89865,0.8987,0.90045,0.9021,0.9,0.90175,0.89345,0.89815,0.8899,0.8977,0.9005,0.9011,0.90035,0.90095,0.89725,0.90175,0.90055,0.88765,0.89525,0.8993,0.90265,0.90195,0.9018,0.9037,0.8973,0.90065,0.9004,0.90145,0.8985,0.90085,0.8959,0.8945,0.90275,0.90045,0.90115,0.8971,0.9009,0.9011,0.90315
trainLossPlot,1.3780421075969935,0.5854947224259377,0.5315661481022835,0.5077958352118731,0.48272106535732745,0.4626523777097464,0.44474085193127394,0.4357958956807852,0.4197852027788758,0.41065342161804436,0.40479621723294257,0.40039932683110235,0.3881215117499232,0.383507360778749,0.38041254088282583,0.3755795802921057,0.37182761374861,0.36925222400575874,0.36537712585181,0.3583971091732383,0.35204782232642173,0.3522762818261981,0.34742468792945147,0.3443143419548869,0.34271948199719193,0.34227885587140916,0.34047994308173657,0.33919166557490826,0.33663580428808926,0.3334278450906277,0.3305936247110367,0.3344843477010727,0.3309998019039631,0.3305149459838867,0.32748098868876696,0.3250928359106183,0.32307572796940803,0.32327135629951953,0.3259321546927094,0.3261035858280957,0.32186413859948515,0.32422803834080693,0.32020060271024703,0.3223671568185091,0.3160654657147825,0.3237710101902485,0.31851291067898274,0.3163820608332753,0.3160519903898239,0.31325774438679216,0.31995736453682183,0.3155104546993971,0.3180459029600024,0.31155748847872017,0.3168311654403806,0.3170996829122305,0.31600561119616033,0.31294852212071417,0.3145188657194376,0.31295906387269495,0.3127464967779815,0.31406773559749124,0.3113285821303725,0.3101839966699481,0.31119004936888817,0.3124619278870523,0.30651381630450486,0.30872967451810834,0.3105078965425491,0.31127933226525784,0.3093508958816528,0.3109527986124158,0.3082228520512581,0.31329203967005015,0.30793416552245617,0.31001217357814315,0.3117098507843912,0.31387785393744705,0.30551932550966737,0.30803143806755545,0.30788512632250786,0.30766165783628824,0.31309696231037376,0.30473324781283734,0.3033468597754836,0.30539215499535205,0.31022224996238945,0.30986950621008874,0.30766691505908966,0.30209840528666976,0.3010831616073847,0.31063057817518713,0.3025383338518441,0.30574522618204353,0.3055419882386923,0.303800562992692,0.3031302065961063,0.3014507625065744,0.30197990220040083,0.29824832670390605
trainAccPlot,0.6981,0.7868,0.8079,0.816025,0.825625,0.834475,0.8395,0.8433,0.84985,0.852575,0.85445,0.854475,0.8601,0.861,0.863075,0.863225,0.8659,0.8683,0.867175,0.870925,0.87245,0.8732,0.874925,0.873725,0.875125,0.87575,0.875325,0.876825,0.878,0.8782,0.8799,0.877775,0.880325,0.879775,0.880125,0.8808,0.882275,0.881675,0.880525,0.88305,0.881,0.881825,0.885025,0.88245,0.884225,0.881225,0.883775,0.884775,0.884725,0.88425,0.883,0.886075,0.885275,0.883925,0.885,0.88335,0.883825,0.884875,0.8831,0.88425,0.886325,0.88355,0.88475,0.886625,0.88495,0.884875,0.88625,0.884975,0.88655,0.8863,0.88525,0.885975,0.886575,0.88415,0.88655,0.88665,0.8857,0.884425,0.88655,0.886925,0.886,0.886925,0.883075,0.886525,0.88875,0.8876,0.886525,0.88375,0.886225,0.88715,0.8893,0.88555,0.89,0.886975,0.88765,0.88795,0.8884,0.887875,0.889375,0.89
lossPlot,0.4698297968506813,0.43524460688233374,0.40660324290394784,0.386132695376873,0.37801644019782543,0.3651432311534882,0.3493589936941862,0.33631370805203914,0.3329025789350271,0.3285148544609547,0.3229557890444994,0.3215226208418608,0.32480237908661364,0.30885867454111576,0.3188293579220772,0.3114979096502066,0.3024631553888321,0.31169298470020296,0.2966338834166527,0.30657777190208435,0.2936652158200741,0.3034135026484728,0.3005529952049255,0.3031010881066322,0.3078023193776607,0.29348559021949766,0.29611976601183415,0.298477321267128,0.29458001617342233,0.3023173587024212,0.2818747080862522,0.28601941518485546,0.2858058254420757,0.28720953822135925,0.29913977392017843,0.29032768569886686,0.2939124158769846,0.28389599252492187,0.2938806691020727,0.2838374112546444,0.28580422461032867,0.2774187001213431,0.28224158361554147,0.2882992935925722,0.2877100036293268,0.28272653549909593,0.27848820842802524,0.27539817448705434,0.27834688235074284,0.2844864521175623,0.27946493998169897,0.27871257573366165,0.2759635081142187,0.2865561108291149,0.2767400002479553,0.2890692969411612,0.30738076381385326,0.2799748995155096,0.28450764048844573,0.27403885170817377,0.27424191422760485,0.2800109838694334,0.2735502206534147,0.2776088289916515,0.2774509483575821,0.27295583762228487,0.2857347749173641,0.2774004440754652,0.2744073316827416,0.28821614738553764,0.28504959169775246,0.27447348870337007,0.2748810940235853,0.27152450058609245,0.2724188602715731,0.2701413185149431,0.28709948033094407,0.27226178500801324,0.26856268584728243,0.27288532808423044,0.2942355116456747,0.2861053078621626,0.27930552303791045,0.27304674256592987,0.2780856189131737,0.271118079200387,0.2700197358056903,0.27469178568571806,0.2840623079612851,0.27449353761970996,0.27075003609061243,0.27740769438445567,0.27754855059087274,0.26892880477011205,0.2776026623696089,0.2720286962389946,0.2737679793313146,0.2669730018824339,0.27833953708410264,0.2959357094019651
accPlot,0.82625,0.8391,0.8482,0.85975,0.86175,0.86725,0.8723,0.88095,0.8808,0.8833,0.8874,0.88675,0.8839,0.89195,0.88735,0.88735,0.89365,0.8905,0.8945,0.89245,0.89455,0.8939,0.89425,0.8936,0.8893,0.89475,0.8964,0.89295,0.8976,0.8891,0.8999,0.90015,0.89885,0.89725,0.8942,0.897,0.89605,0.9007,0.8954,0.8978,0.8993,0.9011,0.8998,0.89795,0.9025,0.89985,0.89995,0.9032,0.9024,0.89905,0.8994,0.8995,0.90245,0.8982,0.90395,0.8982,0.8871,0.9018,0.9016,0.9043,0.9011,0.90045,0.9041,0.9016,0.90085,0.9029,0.8978,0.9018,0.90535,0.90025,0.9033,0.9039,0.90395,0.9055,0.9026,0.9017,0.9014,0.9044,0.90735,0.9032,0.8935,0.9009,0.9004,0.90345,0.90325,0.90255,0.90535,0.90645,0.8982,0.9034,0.90685,0.90205,0.90425,0.9062,0.90145,0.90455,0.90605,0.90775,0.90315,0.89595
trainLossPlot,1.378598133251071,0.5494581396877766,0.5049677989631891,0.47672615863382817,0.45492304671555756,0.4359388479962945,0.4204982414469123,0.4134079917892814,0.40063347239047287,0.3838482738658786,0.38749093912541865,0.3782036093622446,0.37419812720268963,0.36868767101317645,0.3591991116479039,0.36077650912106035,0.3594836689159274,0.3535642118379474,0.3508139245957136,0.34357569713145497,0.35180914871394636,0.3419042532891035,0.34286016650497914,0.3401605471596122,0.34105318542569873,0.3294133494794369,0.3312652746029198,0.3314088657870889,0.3283848294243217,0.3244867318868637,0.3240469483658671,0.32422685008496044,0.32254780892282725,0.3188219927996397,0.3175977762416005,0.3180430300161243,0.3186510052531958,0.31771394979208706,0.31397990211844445,0.3181508928537369,0.3157601275667548,0.31260981142520905,0.3022908402606845,0.31163041848689316,0.31100502841174604,0.3134032728895545,0.3089988972619176,0.30991359731182455,0.31010265357792377,0.3096910824626684,0.30822231255471705,0.3062458848208189,0.3053138254955411,0.30985856480896473,0.30292523112148045,0.3028186447173357,0.30688332170248034,0.30408780839294197,0.30576996222138403,0.30094877537339926,0.30391515236347916,0.29884549621492623,0.3026211226731539,0.301225048340857,0.30300551135092973,0.30867561753839257,0.30310853047296404,0.30088683117181064,0.3015872596204281,0.2980444230884314,0.29656465308740737,0.2982915421761572,0.29707197347655895,0.29581818109378216,0.3045901935175061,0.2997405587695539,0.3005829408578575,0.2988131663575768,0.2971073090285063,0.2986915949359536,0.29724292350932957,0.2998749888129532,0.2964153536222875,0.2998694301955402,0.29375291250646113,0.29511468587443235,0.29927020620554684,0.29433086059987545,0.301982499063015,0.2933436741866171,0.29660220477730037,0.29743550173938277,0.29311359956860544,0.2976983008533716,0.29579017449170353,0.29673509862273934,0.2957264832779765,0.29656463019549845,0.29720143320038916,0.2974672804772854
trainAccPlot,0.7148,0.799825,0.8156,0.824425,0.835575,0.8392,0.84735,0.84935,0.854125,0.86255,0.859375,0.8608,0.864425,0.866775,0.8706,0.868625,0.866775,0.87315,0.872825,0.8756,0.870825,0.8762,0.873975,0.8748,0.874,0.879825,0.87775,0.877975,0.878725,0.880775,0.880325,0.88055,0.88205,0.882575,0.88395,0.882125,0.88395,0.88225,0.886225,0.8839,0.884075,0.8835,0.888175,0.885225,0.8857,0.8845,0.8867,0.88495,0.884475,0.8845,0.88545,0.8857,0.8865,0.885625,0.887575,0.88695,0.88665,0.8878,0.888625,0.889175,0.88805,0.889675,0.887675,0.8895,0.887925,0.8855,0.88835,0.888575,0.889975,0.89095,0.8894,0.888175,0.8913,0.89085,0.887925,0.88945,0.889075,0.89045,0.8905,0.8884,0.889475,0.887625,0.889825,0.8888,0.89105,0.8915,0.888,0.890925,0.888875,0.89115,0.889475,0.8901,0.8915,0.8898,0.88985,0.891425,0.88885,0.889975,0.890575,0.888975
lossPlot,0.4572127301990986,0.408109570145607,0.382457397505641,0.3713872308284044,0.35357675172388553,0.3369543516635895,0.34292780354619024,0.3243045920133591,0.32906392447650434,0.3224874136596918,0.31210178151726725,0.30684301182627677,0.3033505064994097,0.3050260050594807,0.30220679491758345,0.306627896130085,0.292822023332119,0.2968041356652975,0.29587278082966806,0.30280242919921874,0.2958289571106434,0.30742879793047906,0.29612711153924465,0.2922165524959564,0.29312850706279275,0.29293512172997,0.2903228058665991,0.2907366366684437,0.30758023433387277,0.28665676109492777,0.290241160094738,0.29357397206127644,0.2854216502606869,0.2870021275430918,0.3021869608014822,0.2982511686533689,0.3132296442985535,0.29284192897379396,0.29652723878622056,0.2951753794401884,0.28297625593841075,0.2899401331692934,0.2902272370457649,0.308465355373919,0.30167508363723755,0.29061717327684167,0.2909274931252003,0.29259261682629584,0.2879569141194224,0.2792281098663807,0.28354381434619425,0.27576556585729123,0.2858401927351952,0.2821819044649601,0.28457931451499463,0.2842212598025799,0.29776259705424307,0.2861800280958414,0.29463705740869045,0.2814447500556707,0.2879646869748831,0.29619121342897414,0.28861563906073573,0.2918758041411638,0.2876653644070029,0.28544515788555147,0.29037060983479024,0.2872930573672056,0.29987323239445685,0.28299060866236686,0.2827373434230685,0.2842065065354109,0.3084649713337421,0.28687584958970547,0.2858657827973366,0.2875490902364254,0.2862286404892802,0.28515680484473704,0.2833353917300701,0.3018044541403651,0.2847233849018812,0.2858731311932206,0.28289531759917735,0.2873302335292101,0.29428160399198533,0.2847176418453455,0.28844267077744007,0.28868501748889686,0.2894639723002911,0.283598036468029,0.2878452995419502,0.28025259837508204,0.28477706559002397,0.28600094564259054,0.29625556532293557,0.28103363394737246,0.2812979383766651,0.2797835514694452,0.2798082120716572,0.2973723968863487
accPlot,0.83755,0.85205,0.8616,0.8687,0.8735,0.87985,0.8767,0.88475,0.884,0.8856,0.88955,0.89225,0.8919,0.8908,0.893,0.8885,0.8968,0.89335,0.89605,0.8928,0.89305,0.89065,0.8948,0.89565,0.8963,0.8966,0.8986,0.8954,0.88805,0.89835,0.89515,0.89515,0.90015,0.89805,0.8949,0.89315,0.88805,0.8962,0.89495,0.8956,0.9005,0.896,0.89975,0.8932,0.89715,0.8985,0.8956,0.89725,0.89915,0.9029,0.90175,0.90215,0.9004,0.90095,0.90025,0.89865,0.8959,0.89955,0.8957,0.9013,0.89765,0.8955,0.89915,0.89355,0.8998,0.89965,0.8975,0.8984,0.89425,0.8984,0.89945,0.90115,0.89005,0.8994,0.90045,0.89915,0.90055,0.89995,0.90135,0.8957,0.9016,0.90125,0.9004,0.9002,0.896,0.90235,0.89985,0.89865,0.89835,0.90085,0.8988,0.9008,0.9001,0.901,0.89495,0.9029,0.90245,0.90385,0.9036,0.89415
trainLossPlot,0.884907563328743,0.520045647919178,0.47644397035241126,0.45050090916454794,0.4346194249764085,0.41482520632445813,0.40614531438797713,0.3939044711366296,0.3847127986326814,0.3789641784876585,0.37465484600514176,0.368688869997859,0.3614114503934979,0.35481558784842493,0.3549620097503066,0.3525675539672375,0.3431580025702715,0.3416353139653802,0.33949244949966667,0.3417079766839743,0.3400357984751463,0.33535729080438614,0.33287304405122997,0.33035781189799307,0.330123131852597,0.3293315589800477,0.33205330077558753,0.3266362793557346,0.32708425596356394,0.32831193834543226,0.32257281431928275,0.3220779275521636,0.3201553197950125,0.31884355839341877,0.3229267458617687,0.316407926119864,0.3211283130943775,0.32195313677191734,0.32140643406659364,0.31956969741731883,0.3157328250259161,0.31679470824077727,0.31559278223663567,0.3191090903058648,0.31248870432376863,0.31452470771968366,0.31199947562068703,0.3157714485004544,0.30631946042180064,0.31274987049400804,0.3133676147833466,0.3099345602095127,0.31633449148386716,0.3104970416985452,0.3113611209392548,0.30650338873267174,0.3119273988157511,0.3130104831978679,0.3121336586587131,0.3145892159640789,0.306138421818614,0.31003664948046206,0.31470091255381705,0.3088146482408047,0.31057330790907145,0.306444346010685,0.3058661589026451,0.30891523353755473,0.302328131608665,0.30664561005309227,0.30721125008538364,0.30872159950435163,0.31084233667701483,0.3110046948492527,0.3038355132564902,0.3007817991450429,0.30200643751770256,0.3103322555869818,0.3041520836763084,0.3081884474679828,0.30714415622875096,0.311497065089643,0.3088256545364857,0.29980647809803485,0.3100452385097742,0.3041036241129041,0.3098548397235572,0.3022529202885926,0.3022683836892247,0.3047551579959691,0.2993721940740943,0.30609418123960497,0.3014153729006648,0.3070718491449952,0.3019384417682886,0.30668999809771774,0.3012456067837775,0.30563133956864474,0.3068461379222572,0.30263648226857187
trainAccPlot,0.73055,0.8123,0.828975,0.83875,0.84385,0.851075,0.852175,0.858075,0.8601,0.864075,0.86565,0.8657,0.868825,0.871775,0.871575,0.872925,0.875425,0.873875,0.8747,0.8762,0.877325,0.8784,0.878375,0.8807,0.8793,0.8811,0.877925,0.88015,0.88025,0.8805,0.881975,0.8833,0.881825,0.883,0.882625,0.883275,0.880675,0.882275,0.882275,0.882475,0.883875,0.882225,0.8848,0.8837,0.88595,0.884575,0.886425,0.8834,0.887425,0.885375,0.885875,0.8859,0.883725,0.885225,0.88685,0.8868,0.885425,0.883675,0.885525,0.88505,0.888125,0.886375,0.88415,0.88595,0.885375,0.887325,0.88495,0.885875,0.88755,0.886225,0.88705,0.884675,0.884275,0.886375,0.8876,0.8889,0.88845,0.884025,0.888175,0.886,0.886075,0.885625,0.88675,0.888375,0.8851,0.8866,0.885325,0.88905,0.88825,0.886175,0.887975,0.885475,0.88795,0.88765,0.888175,0.88675,0.888475,0.8882,0.887025,0.8877
lossPlot,0.47768874928355215,0.4213638725876808,0.39845662176609037,0.3807295636087656,0.36157491825520993,0.3692408965528011,0.3405986712127924,0.3446814127266407,0.3361162029206753,0.33472862757742405,0.3303518000245094,0.32350688099861147,0.3163735622167587,0.31283086732029913,0.3112387732416391,0.3284726233780384,0.30733493208885193,0.31166750825941564,0.30081160075962543,0.3050861389935017,0.30162220634520054,0.3117997744679451,0.29471866331994534,0.3044879329577088,0.29900770761072637,0.29392728812992575,0.29927073687314987,0.2859772188961506,0.289887270629406,0.2899366230517626,0.2839362371712923,0.2905906204879284,0.2912497832626104,0.2841866996139288,0.292281836271286,0.2828369811177254,0.28037050798535346,0.2908365575969219,0.2808612202852964,0.2796128245443106,0.2789611568301916,0.2806784141808748,0.28282493323087693,0.2831853288784623,0.2769107932597399,0.27786296475678685,0.29562302611768243,0.281036266759038,0.27447682332247497,0.2772280012071133,0.27858661886304614,0.28242532044649127,0.28149659268558025,0.27303209379315374,0.282523351944983,0.27495336934924125,0.27653472892940045,0.28202700830996036,0.28387748830020426,0.271266634427011,0.27055755093693734,0.3134128025919199,0.28197034310549496,0.2700308456271887,0.2905586863681674,0.27659204993396996,0.27545297544449565,0.2773451954498887,0.27718783136457203,0.27540877982974055,0.2800905102491379,0.2732895013689995,0.27888921156525615,0.280647312104702,0.2825229030847549,0.28603011526167393,0.28333273380994795,0.27490378499031065,0.2756100567430258,0.27795695200562476,0.2800607946142554,0.28279656436294315,0.2787348569184542,0.3057356007397175,0.2697237878665328,0.27332275118678806,0.2812647845223546,0.277665024548769,0.27292842011898755,0.2803431137651205,0.2731927341222763,0.27300628282129763,0.2834035606682301,0.26891774192452433,0.27394828993827103,0.28006072476506233,0.2724009421467781,0.28128955256193877,0.2751943152025342,0.27226588372141125
accPlot,0.8282,0.84835,0.857,0.8642,0.8687,0.86355,0.8787,0.87735,0.88035,0.8799,0.8835,0.88335,0.88925,0.88845,0.88835,0.88125,0.8914,0.89115,0.8955,0.89265,0.89045,0.8882,0.8938,0.89215,0.89365,0.894,0.8917,0.8963,0.89795,0.89815,0.89805,0.8945,0.89625,0.89985,0.89635,0.8995,0.8994,0.8982,0.9005,0.9001,0.89845,0.8981,0.89705,0.89715,0.90095,0.90015,0.8965,0.89815,0.9021,0.90025,0.89985,0.9,0.8994,0.901,0.8992,0.902,0.90135,0.89805,0.8984,0.90275,0.905,0.8844,0.89715,0.90385,0.895,0.9016,0.90035,0.90415,0.9017,0.90195,0.8987,0.90165,0.9,0.89855,0.89875,0.8964,0.898,0.9028,0.90235,0.8989,0.8989,0.8993,0.89925,0.8875,0.90425,0.90355,0.90095,0.9015,0.90185,0.89825,0.9036,0.90125,0.89875,0.90475,0.90395,0.89815,0.903,0.9008,0.9011,0.9035
trainLossPlot,1.526657216846943,0.5432179291546345,0.49713343635201457,0.46439066253602507,0.44518997333943844,0.4367573183402419,0.42421177692711354,0.40719772681593897,0.3994037260860205,0.39537322871387004,0.3870236350595951,0.3852617844566703,0.3783145696297288,0.37166807923465967,0.3712225539237261,0.3657657292485237,0.3643599109724164,0.3569892703741789,0.3568301904946566,0.3501992765069008,0.347032231464982,0.3440048640593886,0.3407126593962312,0.3356577474996448,0.3379894150048494,0.33533310748636724,0.32639564394950865,0.3340101489983499,0.32716447245329616,0.32745584189891813,0.3264605785161257,0.3204570485278964,0.3220390609279275,0.3220541199296713,0.3214075223356485,0.3203997204080224,0.3151771689206362,0.3158368756249547,0.3186091013625264,0.31521906808018685,0.3155356693081558,0.31526527998968956,0.31759479550644754,0.3164120003022253,0.3092840955033898,0.3140974825620651,0.3135689550638199,0.3144304550439119,0.3083265363425016,0.3111324978247285,0.3074121915921569,0.3122493588551879,0.30342391883954406,0.30341525249183177,0.3054989788681269,0.3107804694771767,0.30738400088623163,0.3033773712441325,0.3060715977475047,0.3028964160569012,0.3046899510547519,0.3051843989640474,0.3059909224137664,0.306091676466167,0.30259788673371074,0.3073238441720605,0.3077254481986165,0.30113161778077485,0.3028955541551113,0.3047174012288451,0.30278216268867253,0.30324200212955477,0.3060938024707138,0.3041897232457995,0.3021330432407558,0.3000513946264982,0.3040253075584769,0.3014696682244539,0.3000558489188552,0.2992117357999086,0.3044594732113183,0.297748904582113,0.29901410525664684,0.29789629217237235,0.2975148242339492,0.29640306405723094,0.2944135369360447,0.29582267116755245,0.29811456011608245,0.3023242001608014,0.3010230790451169,0.2972149578295648,0.2969208100996912,0.30205798653885724,0.2925166821479797,0.3002314667776227,0.29424029318615796,0.30421790666878223,0.3010106297209859,0.2959449081122875
trainAccPlot,0.710075,0.80465,0.82115,0.832825,0.840875,0.8407,0.847275,0.853825,0.854675,0.85515,0.86115,0.86135,0.862475,0.86525,0.86385,0.865775,0.866675,0.868225,0.870275,0.871375,0.873075,0.87355,0.87445,0.875725,0.876725,0.87715,0.87945,0.876275,0.879,0.879075,0.8789,0.881025,0.881525,0.8823,0.88075,0.880725,0.883775,0.88395,0.88155,0.8826,0.884275,0.882375,0.88275,0.883925,0.8844,0.883975,0.8845,0.88455,0.88565,0.886225,0.88535,0.884025,0.885675,0.886975,0.887475,0.884025,0.8868,0.8889,0.885675,0.888325,0.8874,0.887425,0.887225,0.886325,0.887125,0.8867,0.884175,0.8881,0.888075,0.8875,0.8878,0.8887,0.885775,0.88615,0.88795,0.8871,0.88635,0.889025,0.889,0.8873,0.8866,0.88975,0.889125,0.889475,0.890475,0.888875,0.889425,0.89005,0.8898,0.8889,0.888025,0.891025,0.8912,0.888925,0.891575,0.889325,0.891525,0.8865,0.888075,0.8909
lossPlot,0.4891913731396198,0.44617629766464234,0.414620668143034,0.40477757915854456,0.3995604692399502,0.3753781781345606,0.36394847683608533,0.36047271959483623,0.3455738644301891,0.330253007337451,0.3353033189475536,0.32502120822668074,0.3347666887193918,0.31501392617821694,0.30119521126151083,0.3103114976733923,0.30522118233144285,0.30832710981369016,0.3107328168302774,0.3036485830694437,0.31495100192725656,0.29859107978641986,0.3094102232158184,0.29037892289459705,0.3065698067843914,0.2957274666428566,0.29955362163484095,0.30168373465538023,0.2976169750094414,0.29479441337287426,0.2866257555782795,0.2948863309621811,0.3048300410062075,0.29077970556914806,0.2998842507600784,0.2920458517968655,0.29927225410938263,0.2897928227484226,0.2879086980223656,0.29962259739637376,0.2871587596088648,0.28682488679885865,0.3039449752867222,0.287302460744977,0.2835361283272505,0.30316138625144956,0.28845244728028774,0.2894747618585825,0.28436456151306627,0.291431583315134,0.2830185315012932,0.2886782300472259,0.29572139054536817,0.27809837624430656,0.28753431625664233,0.28449120067059996,0.2741967909783125,0.28912925273180007,0.2885145806521177,0.28182390831410886,0.2850470096990466,0.28423944938927886,0.28295163199305534,0.2721556872874498,0.27898978486657144,0.2973737220466137,0.2731785714998841,0.28053363144397736,0.3089553213119507,0.2790540244057775,0.2857168041169643,0.28346896536648275,0.28491014920175073,0.2807428076118231,0.2765532357618213,0.27051566828042267,0.27962882712483406,0.2788206224143505,0.28145282410085204,0.2768449161946773,0.2705501689761877,0.2781784809008241,0.2925264846533537,0.2782886428758502,0.2792867947742343,0.28279247511178257,0.28296594575047496,0.2817823550477624,0.2826432516798377,0.27156063679605724,0.28131574191153047,0.2825451770052314,0.28107090421020986,0.2752163403108716,0.27667591731995345,0.28257187686860563,0.27744840692728756,0.27579666547477244,0.27696461126208305,0.2905359496921301
accPlot,0.82215,0.83375,0.85215,0.85745,0.8564,0.8648,0.86805,0.8694,0.8749,0.8805,0.87815,0.88365,0.8748,0.8854,0.89135,0.8907,0.8886,0.88685,0.88585,0.8909,0.8832,0.8929,0.8895,0.89515,0.89015,0.8931,0.8915,0.8894,0.8937,0.89585,0.89675,0.89505,0.8886,0.89545,0.8908,0.8961,0.89165,0.89735,0.89785,0.8933,0.89755,0.89795,0.89155,0.89855,0.89935,0.88965,0.89625,0.8986,0.89835,0.8956,0.89825,0.89785,0.8941,0.9005,0.8943,0.8976,0.9006,0.8954,0.89895,0.89935,0.89985,0.89745,0.8975,0.90485,0.8982,0.8903,0.9002,0.9013,0.89125,0.9017,0.8965,0.89985,0.8975,0.8993,0.90105,0.90255,0.8997,0.89915,0.90065,0.8982,0.9033,0.8997,0.8955,0.90025,0.9003,0.90055,0.89825,0.8998,0.89695,0.9042,0.89825,0.9002,0.8981,0.9014,0.9031,0.8997,0.9006,0.9016,0.90175,0.8952
trainLossPlot,1.6810097777843476,0.5745229706913233,0.5278437777608633,0.5097496826201677,0.48163947973400356,0.470858637355268,0.4532445815205574,0.4383944384753704,0.4237292119115591,0.41096902437508104,0.4029369692876935,0.3877186752483249,0.38773190557956694,0.37486738950014115,0.3709392819926143,0.3676046197488904,0.36482469394803047,0.3600831868499517,0.3589592673256993,0.3586419739946723,0.35298360627144576,0.3468010686337948,0.3512859198451042,0.3470871612802148,0.3467307572811842,0.34374652106314896,0.3371847277879715,0.3317396885342896,0.3362139106541872,0.3310814892500639,0.3294254621118307,0.3278143477067351,0.32823428146541117,0.3284416775777936,0.32868319204077123,0.320614682585001,0.32445956125855446,0.32289868500083685,0.32084496784955263,0.32654604330658915,0.3229680211097002,0.3211708961799741,0.31586889576166866,0.31779935028404,0.318834401704371,0.31095992762595415,0.3152490843087435,0.31721135079860685,0.31461919520050285,0.31564738873392345,0.31129873167723415,0.3150374173745513,0.3110469512268901,0.31102946508675816,0.3110804159939289,0.31197277579456567,0.30435480896383527,0.30996565002948046,0.3082846890389919,0.3072603033110499,0.30854138135910036,0.3030748767219484,0.3052546734176576,0.305252781547606,0.3087996144220233,0.30133859284222125,0.30673355259001256,0.3044867436774075,0.3056807524524629,0.30398836333304646,0.30533878853544594,0.30735722091048956,0.30133312597870826,0.3007805398106575,0.3037027180939913,0.30221926283091305,0.3057064200937748,0.3007442002743483,0.29981367498636247,0.30387047830969094,0.2954217726550996,0.2984720944426954,0.29699853420257566,0.29732347548007965,0.299404410161078,0.29769243016839025,0.2949322152324021,0.2970561710000038,0.29940379954874513,0.29773845471441746,0.2977309429645538,0.2974150326102972,0.2970336415246129,0.29615630246698854,0.29973897952586415,0.29764447325840593,0.29703774267807603,0.2978280691802502,0.2932993617840111,0.29794319681823256
trainAccPlot,0.69995,0.793925,0.8057,0.8155,0.82455,0.827,0.83565,0.841075,0.846325,0.84975,0.85235,0.8581,0.85825,0.863225,0.8645,0.86355,0.865,0.86915,0.867775,0.86875,0.870875,0.8706,0.870525,0.872125,0.87305,0.87515,0.87715,0.877025,0.87565,0.877375,0.8777,0.87915,0.8773,0.877575,0.87735,0.88015,0.881325,0.879825,0.881775,0.877075,0.8809,0.8797,0.882075,0.8817,0.882925,0.883525,0.882725,0.882275,0.883725,0.8813,0.8845,0.88145,0.884325,0.8849,0.883625,0.8839,0.886175,0.8857,0.887225,0.88615,0.8847,0.886675,0.88655,0.885075,0.88635,0.88665,0.8845,0.888375,0.88775,0.8864,0.885775,0.8852,0.888475,0.8866,0.8854,0.887425,0.885075,0.88765,0.88765,0.886575,0.88925,0.888325,0.887275,0.88785,0.88735,0.888075,0.889025,0.888,0.88785,0.888825,0.889725,0.8886,0.890525,0.88985,0.88745,0.88825,0.889425,0.889325,0.889825,0.88945
lossPlot,0.4843410558998585,0.45708983317017554,0.42063542440533636,0.4042285116016865,0.374548451602459,0.3646260078251362,0.3554749709367752,0.36119472719728946,0.3712901179492474,0.3487407390773296,0.34061145506799223,0.32732513852417466,0.34751104228198526,0.3163375801593065,0.31933823101222514,0.3086159092187881,0.3163220590353012,0.31379410736262797,0.3138820993900299,0.3086701389402151,0.29907282754778863,0.30808621890842913,0.2991673734039068,0.2932507713139057,0.2906107535213232,0.29491167977452276,0.30294391207396987,0.2964371304214001,0.2965365189313889,0.2904698172211647,0.29007161676883697,0.2884685172140598,0.3067967469245195,0.2902661756426096,0.2857923414558172,0.3005376372486353,0.29131488502025604,0.30646798968315125,0.2864154553413391,0.2889517095685005,0.28873393312096596,0.2923035544902086,0.28210086971521375,0.29989342521876095,0.28800314776599406,0.2838186164945364,0.29448916733264924,0.2839157458394766,0.2949575500935316,0.30231321446597575,0.28168626740574837,0.2863952872902155,0.2862583950161934,0.28444452114403246,0.2903069975227118,0.3077558428421617,0.2824796488881111,0.2847320806235075,0.29060055263340473,0.2917481305077672,0.28308785244822504,0.2900616299360991,0.30259052515029905,0.2834070070832968,0.2847617671638727,0.2994477853178978,0.2942662614583969,0.28597611308097837,0.29255277022719384,0.29655528835952283,0.2786220978945494,0.28622773140668867,0.28458139576017855,0.2786272843927145,0.27947633326053617,0.2818495880067349,0.28286651857197287,0.2911647553741932,0.28868159621953965,0.30162860713899137,0.2806878902763128,0.28243614356964825,0.2907271138578653,0.292671360000968,0.2775659278035164,0.28083641819655897,0.2775066873058677,0.29163419127464296,0.2894926620274782,0.290163222104311,0.2842371503263712,0.2885582942888141,0.28369002401828763,0.2828383773565292,0.2788455544784665,0.28198894441127775,0.27856560476124287,0.2779427126795053,0.28115085907280446,0.2861393811553717
accPlot,0.82215,0.83525,0.85055,0.8546,0.8646,0.8676,0.8719,0.86715,0.86595,0.86885,0.87665,0.8848,0.87375,0.88645,0.88745,0.8902,0.88455,0.8893,0.8888,0.889,0.89455,0.8907,0.89575,0.8963,0.8975,0.8955,0.8937,0.8956,0.89395,0.89945,0.89875,0.89995,0.8906,0.8993,0.9005,0.8928,0.89885,0.89215,0.8992,0.89705,0.8959,0.8944,0.89945,0.89355,0.8978,0.90075,0.8949,0.89755,0.89655,0.8883,0.8987,0.9003,0.89805,0.89785,0.89795,0.89275,0.9001,0.9012,0.89495,0.89905,0.8996,0.89895,0.89035,0.9004,0.89785,0.8956,0.8962,0.8985,0.89435,0.89225,0.90175,0.89785,0.9009,0.9023,0.90115,0.89855,0.90075,0.8942,0.8964,0.89315,0.9019,0.90125,0.8972,0.8977,0.90575,0.9018,0.90105,0.89775,0.89835,0.8971,0.8999,0.8995,0.8995,0.89915,0.9032,0.89895,0.90365,0.90475,0.90215,0.89985
trainLossPlot,1.3092628289759158,0.5701113428920508,0.5214836890995502,0.49749358624219897,0.46729059480130675,0.45106468521058557,0.4421252319589257,0.42201213389635084,0.41530913453549145,0.40854130785912274,0.3995824843272567,0.39712578456848857,0.3851033911854029,0.37616093948483464,0.37277499623596666,0.36900168780237436,0.3650001873075962,0.36012726739048956,0.36076847530901435,0.3575177352130413,0.3544684397429228,0.34635127123445275,0.35212090648710725,0.3445702940039337,0.3389828833565116,0.3397202653437853,0.33625315483659507,0.33374430317431686,0.33402066890150306,0.33006142169237135,0.32728178065270186,0.3296930257603526,0.32758334882557394,0.32939157262444496,0.328459311015904,0.31976300314068795,0.3226005820184946,0.32184250686317684,0.32443157728761435,0.3187124725431204,0.3184345044195652,0.31907746829092504,0.31264398686587813,0.31534964561462403,0.31923928927630185,0.3143802000582218,0.31562647903338076,0.3129098653048277,0.32089020606130364,0.3069875943660736,0.31118888773024084,0.31340409826487303,0.3094456509873271,0.3096996030956507,0.3089106987044215,0.3074512854963541,0.30870333932340144,0.3110063486546278,0.30870237689465285,0.3053935996629298,0.3092815026268363,0.311586980111897,0.30450790461152794,0.3089935839176178,0.3085452740266919,0.31213016867637633,0.31545572202652694,0.3075214504823089,0.306737059019506,0.30357475573197007,0.30701312273740766,0.303891073204577,0.29853483613580467,0.30383465889841316,0.30107357261702417,0.3082140411064029,0.30588020345196126,0.3009545888565481,0.30474356908351186,0.3055396955832839,0.30024449072778225,0.3040760647132993,0.2995889516733587,0.30182267524302003,0.30420728551223875,0.2995144371688366,0.29997553043067454,0.2992835836485028,0.30334100622683763,0.30364542715251447,0.30521074283868077,0.3022606757842004,0.30560680052265526,0.29688105400651693,0.30216881515458227,0.29923094406723977,0.3010664075985551,0.3048599285259843,0.29978776164352894,0.2965843034535646
trainAccPlot,0.703225,0.792975,0.8102,0.818725,0.828775,0.8351,0.8378,0.846125,0.849575,0.8506,0.854625,0.856025,0.86015,0.861025,0.866175,0.865825,0.867475,0.868225,0.8673,0.8697,0.8688,0.873725,0.8704,0.8756,0.8754,0.875475,0.8765,0.87755,0.87575,0.8786,0.8783,0.877775,0.8795,0.878875,0.8785,0.8831,0.87965,0.881975,0.883175,0.8836,0.8847,0.8821,0.884725,0.88405,0.88145,0.884725,0.885,0.8844,0.880075,0.887275,0.886025,0.88305,0.886375,0.8871,0.885575,0.887625,0.88435,0.88435,0.8853,0.886475,0.88475,0.884875,0.887675,0.888,0.88475,0.8844,0.884225,0.8846,0.887025,0.8891,0.885375,0.889275,0.888675,0.88755,0.8874,0.8868,0.888725,0.88835,0.8867,0.886475,0.8878,0.8866,0.88935,0.8888,0.887425,0.8897,0.88885,0.887875,0.887375,0.88815,0.8882,0.88885,0.88745,0.890325,0.888525,0.8879,0.88765,0.887425,0.887975,0.8907
lossPlot,0.39893388099968435,0.3717751024663448,0.34288041226565835,0.33688188023865223,0.3248906736820936,0.3164774294942617,0.31231640800833704,0.3148267587274313,0.3217503222823143,0.3041698198765516,0.308878482952714,0.30794974431395533,0.3089359290897846,0.29969676211476326,0.2993546249717474,0.29859395638108255,0.29409606516361236,0.2958846478164196,0.3038758736103773,0.2913631960004568,0.29293844521045687,0.29705839544534685,0.2965678286552429,0.2914829408377409,0.28957711525261404,0.287681001201272,0.2860226254910231,0.2906329891830683,0.2866438616812229,0.2945590516552329,0.29487774774432185,0.2875203159451485,0.28560164734721183,0.2905343146622181,0.28950742177665234,0.28564193680882455,0.29306277364492417,0.285846711024642,0.2936575372517109,0.27844786435365676,0.2889964221417904,0.2803461811691523,0.28128811441361906,0.28103468686342237,0.2865346650034189,0.28162536211311817,0.27507605366408827,0.28044625647366045,0.2797343272343278,0.2857922660559416,0.2838785606622696,0.28106837414205077,0.28508326925337313,0.2881661470979452,0.2778250104933977,0.30152944318950176,0.2758066176623106,0.28991688072681426,0.27923223704099653,0.33579965472221374,0.282998568713665,0.27970143511891365,0.28104094970971344,0.2784233383834362,0.29805055089294913,0.2889257752895355,0.28845796920359135,0.2794583744555712,0.27942923791706564,0.28649344921112063,0.28000694926828146,0.27604568101465704,0.28673196166753767,0.27581283666193485,0.2966572519391775,0.2875526884198189,0.27975050754845143,0.2817604687809944,0.2954914344847202,0.27906896818429233,0.27670657135546206,0.276896139010787,0.2770640241354704,0.27272945739328863,0.2853883716464043,0.2802944631129503,0.27447345603257417,0.2751722760498524,0.27329158611595633,0.27584281347692013,0.2792687176913023,0.2903690432012081,0.27938127592206,0.28914616160094736,0.2790015127509832,0.2793299478292465,0.28652232117950915,0.2805488797277212,0.2821296460926533,0.28072054870426655
accPlot,0.85855,0.86635,0.879,0.88315,0.88485,0.88745,0.88955,0.88695,0.88355,0.89175,0.88825,0.8912,0.8923,0.895,0.89175,0.8937,0.89515,0.8937,0.88855,0.8948,0.8955,0.89275,0.8953,0.8954,0.8978,0.89515,0.89825,0.8922,0.8977,0.8951,0.8924,0.8962,0.89495,0.89515,0.8941,0.89725,0.8955,0.89815,0.8945,0.89965,0.89815,0.8999,0.9008,0.89975,0.8959,0.9001,0.9007,0.90195,0.90055,0.89905,0.89795,0.8977,0.8993,0.89725,0.9032,0.89305,0.9023,0.89955,0.9007,0.882,0.8996,0.9028,0.90085,0.89965,0.8948,0.8969,0.89765,0.90125,0.9016,0.89625,0.90125,0.90155,0.8987,0.9016,0.89645,0.9001,0.90025,0.90255,0.89595,0.9018,0.90275,0.901,0.902,0.9043,0.8995,0.89885,0.90195,0.9018,0.9017,0.90075,0.90165,0.89925,0.903,0.89865,0.9021,0.90055,0.9003,0.9022,0.89915,0.90065
trainLossPlot,0.8839943594485521,0.4617053630575538,0.42658442005515096,0.40519832707941533,0.3920640579238534,0.3763296366482973,0.3712009363248944,0.36342280250042674,0.3571418393775821,0.35000983875244857,0.34279447674751284,0.3434615844488144,0.3411168796941638,0.3360157585889101,0.3367989507317543,0.33217090215533973,0.3282213619723916,0.32719756569713354,0.3226553097367287,0.3304172921180725,0.3201470021530986,0.32081956423819064,0.32173251889646054,0.31883202750235795,0.31884174164384604,0.31741797775030134,0.3176418572664261,0.31267838723957536,0.3150671336613595,0.31223376680165527,0.31029112365096806,0.312503674197942,0.3088323436677456,0.3132727483659983,0.30992674335837367,0.30972499554976823,0.3059748142957687,0.3062736263871193,0.3073169242590666,0.3063008868694305,0.30483966022729875,0.3038694243133068,0.3029325184598565,0.3070049061253667,0.3061892378889024,0.304036124534905,0.3075422145240009,0.3032127370685339,0.3063119178637862,0.3039086388796568,0.30223624853417275,0.3024351183883846,0.30194408632814884,0.29859765741974115,0.29985888715833425,0.3024907335825264,0.2960032482072711,0.30182300735265016,0.2965901640802622,0.2963842554949224,0.2980652305111289,0.29749544434249403,0.29932957634329793,0.29629073809832335,0.30016942258924245,0.2979072560928762,0.29786808267235754,0.29585090015083554,0.2959803503379226,0.2984369903430343,0.2988252157531679,0.296328095626086,0.2941576004959643,0.29431380443274974,0.2991552472114563,0.2987280676886439,0.29458239594474434,0.29036500833928586,0.2988453553058207,0.29378750052303076,0.2943419180251658,0.2964646396227181,0.2947433797456324,0.2931476497650147,0.2966221772134304,0.29535857878625393,0.2970136775076389,0.2923969253152609,0.2933211527392268,0.2943433891609311,0.2915320264734328,0.2912091167457402,0.2927682016789913,0.2921065672114491,0.29292940801009537,0.2915809351205826,0.2937080418132246,0.29289173435419796,0.29363534359261395,0.29544967217370866
trainAccPlot,0.752925,0.83585,0.8471,0.856275,0.8593,0.86525,0.8675,0.869125,0.871125,0.873575,0.87555,0.87615,0.87585,0.8787,0.877525,0.880025,0.881175,0.879525,0.88345,0.88115,0.881175,0.883425,0.884525,0.88405,0.885375,0.883,0.88485,0.886825,0.88605,0.8861,0.887375,0.886525,0.887275,0.886125,0.887225,0.88785,0.8883,0.88795,0.887725,0.887575,0.8879,0.889975,0.889425,0.888925,0.8876,0.888775,0.889025,0.888725,0.8864,0.887275,0.889925,0.88955,0.8896,0.891225,0.891475,0.887625,0.890675,0.8891,0.891575,0.891575,0.89,0.890375,0.89065,0.8935,0.89,0.88995,0.889775,0.89165,0.890675,0.88885,0.8887,0.8905,0.8925,0.89205,0.88965,0.8918,0.892925,0.8937,0.890175,0.89205,0.892475,0.889075,0.891525,0.892625,0.88985,0.89165,0.89035,0.8933,0.890525,0.8911,0.893625,0.89375,0.892725,0.8925,0.8921,0.89165,0.892425,0.892725,0.89165,0.891525
lossPlot,0.4497108055651188,0.4140048508346081,0.39621083065867424,0.38555912755429744,0.36928249657154083,0.3852017404139042,0.35194747962057593,0.33413003049790857,0.34040852896869184,0.3248208836466074,0.3096101239323616,0.32380744241178033,0.31017465367913244,0.29880907155573366,0.3029363192617893,0.3012963246554136,0.2982164339721203,0.30629006773233414,0.2990297890454531,0.29503344781696794,0.3009593049436808,0.29514667950570583,0.2997347048670054,0.30034382566809653,0.2985627764463425,0.2898295305669308,0.28938876047730444,0.2947970054298639,0.2901179800182581,0.28705165803432464,0.2869436910748482,0.29035592652857306,0.28600475884974,0.30518271639943123,0.29119404904544355,0.2846437828242779,0.28542492993175983,0.2874381732940674,0.28530779741704465,0.28801547855138776,0.2831401037424803,0.2786526443064213,0.2797702019661665,0.2864470368623733,0.27669012181460856,0.28128686361014843,0.29372230663895604,0.28029437057673934,0.27782582707703113,0.2819775225967169,0.30433140121400354,0.28797800701111553,0.2833117651194334,0.29115047432482244,0.2908787175267935,0.28084217332303524,0.28008319046348334,0.27837190419435504,0.2752743750065565,0.29333687014877796,0.27947360664606097,0.28005701035261155,0.2768811198323965,0.27987190283834934,0.2740829807892442,0.27978373393416406,0.2780101430788636,0.27426109749823807,0.28381049636751415,0.29174496941268446,0.27463176764547825,0.27859353974461554,0.2783722723647952,0.2808390573039651,0.27643196791410446,0.2816294264048338,0.2715897992998362,0.282292196303606,0.28646138921380043,0.27586709648370744,0.2819253966212273,0.2756125571578741,0.2702259914577007,0.2772399812564254,0.2818859213590622,0.28722144424915313,0.28051934860646727,0.27268866579979656,0.2719367906823754,0.2855321741849184,0.2870980354771018,0.2768484500050545,0.28230404186993835,0.28740687161684036,0.277387498319149,0.2772599457576871,0.2817558907717466,0.2793815864622593,0.2770929756760597,0.2804694040864706
accPlot,0.84305,0.85435,0.8578,0.8635,0.8675,0.8576,0.8728,0.88025,0.87775,0.8819,0.89125,0.88215,0.8888,0.8939,0.89115,0.89365,0.8939,0.8912,0.89515,0.8979,0.8907,0.89495,0.89525,0.896,0.8958,0.89925,0.89895,0.89915,0.8989,0.89845,0.89875,0.89875,0.89905,0.889,0.89695,0.89835,0.8989,0.8975,0.9011,0.89925,0.89805,0.902,0.9023,0.8988,0.9036,0.90155,0.89765,0.9018,0.9044,0.90115,0.88825,0.90025,0.90185,0.89585,0.8967,0.90305,0.904,0.9032,0.9014,0.8963,0.90235,0.9012,0.90345,0.9017,0.90485,0.9015,0.90315,0.90485,0.90015,0.8953,0.9046,0.9018,0.9023,0.90395,0.90225,0.901,0.90495,0.90145,0.8994,0.90425,0.90055,0.90305,0.9068,0.90405,0.9033,0.9006,0.9041,0.90655,0.9048,0.89975,0.89745,0.90415,0.9057,0.90045,0.9035,0.905,0.9014,0.9032,0.90265,0.9018
trainLossPlot,1.5984553660452365,0.5426183783262968,0.5046068434044719,0.47274777211248875,0.46156615164130926,0.4378767022490501,0.4285924218222499,0.4101437309756875,0.39409619506448507,0.38648507092148066,0.37922526489943265,0.37644378874450923,0.36808340039104226,0.36155749168246987,0.3625056482478976,0.35524253897368907,0.3486739242821932,0.35285273294895886,0.3499931522458792,0.34291974153369664,0.3447868528589606,0.34263212002813814,0.3402823158726096,0.34308790929615496,0.33310941852629183,0.32834904599934817,0.3326319130323827,0.3304764786362648,0.32804397862404583,0.33011609241366385,0.32838301423937083,0.3220430637896061,0.32904187180101874,0.32358023688197135,0.32233830347657205,0.3230161836743355,0.32321435047313574,0.3214842296764255,0.3185270237736404,0.32101386005058885,0.3159732326120138,0.3179886443912983,0.31544917248189447,0.3157762571796775,0.3137306433171034,0.3157719396427274,0.3118941324949265,0.31076559126377107,0.3079736290499568,0.3145389384031296,0.31083485417068,0.3092697562836111,0.3088219904154539,0.3110902440734208,0.30710359413176774,0.30716752357780935,0.3054627629928291,0.313782804608345,0.3065301923081279,0.3068115448206663,0.31086497198790314,0.3065301250293851,0.30578345242887733,0.3050741212442517,0.301093776486814,0.30318695213645697,0.3058658940717578,0.30420506397262215,0.30624898795038463,0.30499902125447986,0.30439833108335734,0.29938784779980776,0.2999562378972769,0.29911871034651993,0.3019748337008059,0.3033681148290634,0.29947601940482854,0.30056067775934936,0.3014316784031689,0.3015055825933814,0.29769339971244335,0.2990590994246304,0.3026015464961529,0.29808371867984534,0.2987409962899983,0.30311834424734113,0.30134645245969294,0.2996041087061167,0.3011486962065101,0.30075890000909566,0.30054933454841376,0.29994659032672644,0.29601549023762347,0.2997782815247774,0.3014988039061427,0.3013120982795954,0.30131579548120496,0.29796171009540556,0.3038521672040224,0.2948095353320241
trainAccPlot,0.71105,0.804175,0.81725,0.82605,0.833025,0.8403,0.84305,0.8496,0.8548,0.857975,0.86205,0.86385,0.8652,0.869125,0.869325,0.869475,0.87285,0.871125,0.871025,0.87445,0.87475,0.8744,0.8749,0.873825,0.877625,0.8783,0.878725,0.878125,0.879,0.880125,0.88055,0.882275,0.878625,0.880325,0.882275,0.88075,0.880075,0.881775,0.881675,0.881775,0.8845,0.882725,0.8834,0.881625,0.883525,0.8808,0.88595,0.885025,0.886775,0.88325,0.88585,0.887025,0.8857,0.883575,0.88545,0.886225,0.88885,0.88475,0.88645,0.8865,0.885325,0.886425,0.885775,0.886725,0.887375,0.887575,0.88755,0.888325,0.886325,0.885,0.888075,0.88735,0.888775,0.888575,0.888075,0.887125,0.887775,0.888675,0.887825,0.88915,0.890375,0.889725,0.886275,0.887525,0.889625,0.888225,0.8891,0.890125,0.887825,0.88835,0.88685,0.8891,0.89025,0.889375,0.888375,0.88815,0.8874,0.888875,0.885725,0.8904
