lossPlot,0.428050482,0.374268319,0.346803228,0.352263959,0.330222799,0.314416664,0.31161621,0.307871017,0.299056957,0.302538323,0.293884696,0.291230272,0.289757967,0.292018581,0.290668039,0.280738591,0.280429334,0.294563286,0.285963938,0.282332976,0.2784993,0.27690294,0.278292364,0.270114073,0.272798029,0.270847848,0.279740241,0.262435948,0.275882164,0.26509213,0.27309713,0.260866945,0.25987157,0.265906615,0.261918229,0.266308671,0.259376236,0.26739858,0.263140201,0.263051014,0.260048131,0.263280948,0.257991112,0.259664478,0.260871028,0.263224988,0.257985348,0.255602369,0.256074954,0.259569975,0.27085647,0.252398802,0.260074016,0.253305972,0.254595398,0.270604053,0.25738141,0.259694335,0.263312764,0.262147671,0.252570117,0.266611281,0.261304278,0.273992056,0.254804522,0.262488027,0.269061576,0.265570337,0.253411254,0.251346814,0.24975149,0.252598888,0.250060205,0.253028989,0.255476325,0.250316405,0.250966142,0.252294833,0.252726739,0.252000162,0.2500565,0.2523601,0.250049747,0.267541443,0.256120282,0.253417396,0.249680462,0.251230033,0.250151503,0.24744163,0.250374395,0.254940872,0.248918757,0.253854948,0.253119778,0.252438966,0.249538213,0.253559575,0.249921174,0.25030362
accPlot,0.84645,0.86755,0.87535,0.8733,0.88315,0.8869,0.88635,0.88745,0.8941,0.8899,0.8949,0.895,0.89475,0.8943,0.89505,0.89925,0.8988,0.8936,0.89635,0.8973,0.8993,0.8979,0.89905,0.90315,0.9037,0.9024,0.89705,0.90595,0.901,0.9061,0.9008,0.90625,0.9072,0.9041,0.9054,0.90275,0.90565,0.90495,0.90535,0.90525,0.90605,0.9035,0.90795,0.9049,0.90615,0.90395,0.907,0.90775,0.90775,0.90705,0.9041,0.91005,0.90665,0.91045,0.9106,0.90115,0.9087,0.9068,0.9045,0.90705,0.90965,0.9034,0.90505,0.90235,0.90765,0.90675,0.9028,0.9041,0.911,0.9097,0.9119,0.90955,0.9107,0.9109,0.90695,0.9102,0.91095,0.9091,0.9098,0.91015,0.91145,0.90995,0.91135,0.90445,0.90775,0.90905,0.9116,0.9108,0.9122,0.9119,0.91255,0.91055,0.91295,0.9101,0.91185,0.911,0.9109,0.90995,0.9117,0.91075
trainLossPlot,0.689062248,0.452036517,0.409386518,0.388202369,0.370562297,0.360926926,0.350365116,0.34035055,0.337059479,0.331377698,0.325393118,0.320641002,0.318141716,0.312736802,0.311165125,0.30795285,0.30152185,0.298855793,0.295122864,0.291385752,0.293399824,0.293869224,0.289028047,0.284764287,0.287370835,0.278468546,0.280048816,0.280133645,0.280138901,0.276638673,0.27496484,0.273511358,0.275123972,0.267798833,0.270593426,0.269627528,0.267727944,0.264310914,0.264874822,0.266858877,0.262962087,0.264826046,0.263453841,0.259906284,0.258443691,0.256957884,0.253518127,0.255813753,0.257002907,0.254724932,0.255177053,0.255233531,0.25195889,0.252964844,0.253452819,0.254798963,0.250911111,0.251886432,0.25115031,0.24956984,0.250938395,0.248974869,0.245910966,0.250413823,0.250038055,0.245671307,0.24468277,0.247082026,0.245640806,0.245802451,0.239837615,0.244206471,0.243083689,0.242150282,0.239533639,0.243735788,0.245387518,0.24128862,0.239638571,0.238514763,0.239955289,0.239715365,0.239292183,0.23810611,0.240032553,0.239536667,0.237590715,0.237767883,0.236603621,0.236318732,0.235035611,0.238305595,0.235830994,0.233555781,0.232361387,0.232757889,0.235668889,0.232855824,0.233334476,0.232338225
trainAccPlot,0.754,0.835875,0.8522,0.8596,0.86435,0.8701,0.873025,0.87605,0.8773,0.88005,0.88085,0.8822,0.883875,0.885525,0.886925,0.88715,0.88995,0.8907,0.89215,0.893875,0.8929,0.89305,0.895725,0.8967,0.8946,0.89845,0.899,0.897125,0.8959,0.89835,0.899925,0.901925,0.900225,0.90165,0.9017,0.90125,0.90295,0.902925,0.90455,0.902475,0.9025,0.90255,0.904275,0.905425,0.906175,0.9061,0.906625,0.90665,0.907075,0.90655,0.90715,0.90605,0.908325,0.90575,0.9067,0.905925,0.908175,0.907925,0.90835,0.90725,0.9061,0.90785,0.909075,0.9073,0.90795,0.909825,0.9094,0.90895,0.91035,0.90845,0.912225,0.9103,0.90955,0.9121,0.911675,0.910475,0.910475,0.9113,0.910875,0.911925,0.911875,0.912125,0.910675,0.9111,0.91105,0.9121,0.912925,0.9108,0.914475,0.91265,0.9137,0.9123,0.912075,0.912925,0.91455,0.913875,0.913275,0.913975,0.9148,0.913975
lossPlot,0.4320532065629959,0.38287112951278685,0.35933037251234057,0.33247951313853263,0.3242619074881077,0.31439394026994705,0.3140397261083126,0.30840247243642804,0.29747615709900854,0.29881489038467407,0.30155427917838096,0.2923774361610413,0.29332412585616113,0.2832366518676281,0.2980281615257263,0.2781248840689659,0.28050787940621374,0.27592939242720604,0.2696309834718704,0.27827873826026917,0.27574163049459455,0.2656505820155144,0.2705457435548306,0.27062421798706054,0.2680281221866608,0.26527087718248366,0.26327433809638023,0.26570171281695365,0.26525563970208166,0.26019315466284754,0.2611869521439075,0.2633514104783535,0.2671090692281723,0.2599564002454281,0.2604014962911606,0.2559787976741791,0.26037057995796203,0.25632544234395027,0.25627876713871955,0.2561547374725342,0.261193253993988,0.25546820312738416,0.2593895415961742,0.25339885711669924,0.25953433379530905,0.25528405293822287,0.25308837965130804,0.2538821333646774,0.2538673394918442,0.25403074249625207,0.26634401962161064,0.25335938289761545,0.25356812581419946,0.2502793589234352,0.2558726580440998,0.2519052663445473,0.259300194978714,0.2530796176195145,0.2511172442138195,0.2523117071390152,0.2569831748306751,0.2558037906885147,0.2529067362844944,0.26272470071911813,0.25269624903798105,0.2559498253464699,0.2486567936837673,0.24785382613539697,0.258653032630682,0.2551152256131172,0.2500624667108059,0.24913868725299834,0.24640091493725777,0.251828543394804,0.25543836519122126,0.2518149740993977,0.2506530810892582,0.25060327231884005,0.25308867916464806,0.24713577792048455,0.24778978779911995,0.2505158235132694,0.2913283431529999,0.2469307129085064,0.2503526183962822,0.2467822688817978,0.26432391002774236,0.2539654467999935,0.24475443124771118,0.24543503940105438,0.24885138675570487,0.25753210470080373,0.25443782582879065,0.2463980396091938,0.24660947501659394,0.24960371643304824,0.2471666806936264,0.2490774802863598,0.2477291238307953,0.24705544456839562
accPlot,0.8492,0.8626,0.87185,0.88205,0.8863,0.8895,0.88895,0.88975,0.89435,0.8931,0.89095,0.8952,0.89465,0.89785,0.89155,0.90035,0.8989,0.9005,0.90285,0.897,0.9002,0.90415,0.9029,0.9034,0.90505,0.9046,0.90535,0.90375,0.9049,0.90585,0.90475,0.9055,0.9045,0.9065,0.90675,0.9088,0.907,0.90885,0.90775,0.90855,0.90635,0.90785,0.90755,0.91055,0.90695,0.91075,0.91,0.91095,0.91075,0.90975,0.90475,0.9088,0.90955,0.9126,0.9096,0.9101,0.9061,0.9109,0.9096,0.91095,0.90815,0.90885,0.9108,0.9064,0.91015,0.90775,0.91195,0.9118,0.9085,0.90915,0.9107,0.9119,0.9125,0.9103,0.90845,0.9099,0.9111,0.91145,0.91015,0.91195,0.9117,0.91035,0.89625,0.91325,0.91055,0.91215,0.9055,0.91045,0.9131,0.91225,0.912,0.9091,0.90825,0.9129,0.91275,0.9102,0.9113,0.9122,0.91105,0.91125
trainLossPlot,0.6824464036524296,0.444373167604208,0.4098392988741398,0.37621716111898423,0.3654840672761202,0.3508082740753889,0.3441101710498333,0.3369345084577799,0.33007706858217717,0.3224003507196903,0.32048767536878586,0.31433517843484876,0.3093890342861414,0.3054966750741005,0.3044626317918301,0.2972928353399038,0.29635686077177525,0.2960055533051491,0.2912377444654703,0.28837140917778015,0.2878867953270674,0.2869122725725174,0.28056653872132303,0.282137885093689,0.2805210194736719,0.2796941232681274,0.2760211369395256,0.27849423289299013,0.2738121084868908,0.27273815147578717,0.2686987414956093,0.2694608114659786,0.26753524906933307,0.2660852039605379,0.26574157766997814,0.2663033939898014,0.2647896597534418,0.2615711012482643,0.2621785414963961,0.2606650049239397,0.25846273079514503,0.2575042145699263,0.2584172730892897,0.2586472713202238,0.2538088675588369,0.2580842260271311,0.25419852934777737,0.2547298476845026,0.25326338931918146,0.25510402359068396,0.25027596320956946,0.2510260161012411,0.25378450088202953,0.2543856043368578,0.25106285989284516,0.24797252476215362,0.24722589932382108,0.2516057898104191,0.24898524612188339,0.24807512439787388,0.2463835357874632,0.24766596376895905,0.24495164312422277,0.24321464464068412,0.24737137086689473,0.24963325150310994,0.24434537895023822,0.2442332150787115,0.24403005234897138,0.24232418581843376,0.24074097201228142,0.24012684997171163,0.24135943420231343,0.24261412285268308,0.24067408613860608,0.2415801288932562,0.23883746147155763,0.2394778835773468,0.23866652749478817,0.2370836640894413,0.23839945405721663,0.23607866413891315,0.23844167299568653,0.23721800200641155,0.23750841200351716,0.23643167667090892,0.23659079790115356,0.23560707479715348,0.23195938915014266,0.23245344422757624,0.23426974684000015,0.2365108845382929,0.23509862810373305,0.23370503712445498,0.2329823600128293,0.2341756086051464,0.23254662811756133,0.2334339389950037,0.23328450109809637,0.23273026507347822
trainAccPlot,0.7549,0.84135,0.8527,0.864475,0.86665,0.874825,0.874825,0.878,0.880725,0.8836,0.882625,0.886825,0.88825,0.8897,0.890375,0.8923,0.892875,0.893125,0.894125,0.896975,0.89505,0.896575,0.898625,0.89655,0.89675,0.898325,0.89815,0.90075,0.8995,0.90045,0.90115,0.900875,0.90155,0.903275,0.902425,0.903475,0.9026,0.90485,0.902675,0.90445,0.905375,0.9064,0.90575,0.904575,0.906225,0.906525,0.907225,0.906475,0.906575,0.9066,0.90675,0.90755,0.906225,0.907425,0.907325,0.909625,0.90865,0.90695,0.90995,0.908125,0.90975,0.908975,0.9096,0.910875,0.909975,0.90745,0.910875,0.9095,0.9113,0.911075,0.9114,0.910175,0.910225,0.912,0.910525,0.9111,0.9123,0.91115,0.91145,0.913525,0.9122,0.9134,0.911775,0.91255,0.9139,0.911575,0.9122,0.91195,0.914,0.91515,0.91305,0.912975,0.9137,0.9139,0.914975,0.913575,0.91295,0.914025,0.91325,0.914025
lossPlot,0.4104956629872322,0.3690243282914162,0.34110776960849765,0.3294406048953533,0.322569006383419,0.3090850861370564,0.30496867150068285,0.30158091098070144,0.2940053588151932,0.29066151931881906,0.30057481229305266,0.29064675137400625,0.2816424943506718,0.28944774955511093,0.2771698595583439,0.27834261670708654,0.2762047106027603,0.2718018865585327,0.2678486396372318,0.2797024969756603,0.276283977329731,0.2844701835513115,0.3001959431171417,0.2672938422858715,0.2630508278310299,0.26321962118148806,0.27292129546403887,0.2607752791047096,0.26173867598176004,0.2605178602039814,0.27223489448428156,0.2611412614583969,0.26390572160482406,0.2572411273419857,0.2581439021229744,0.2665685971081257,0.26291308373212813,0.26142153441905974,0.2606752946972847,0.25973056733608246,0.25265913814306257,0.25868228226900103,0.2526805017888546,0.2529317319393158,0.2547582460939884,0.2575882706046104,0.2551379618048668,0.2523350490629673,0.2553375469148159,0.2551918517053127,0.253555710464716,0.257626855969429,0.25297788485884665,0.25112193167209623,0.25235393330454825,0.25520278647542,0.2563987062871456,0.25351896032691,0.25327308535575865,0.27004154786467555,0.25266441226005554,0.25205365478992464,0.2516441449522972,0.26385014995932576,0.25156592562794683,0.25044548243284226,0.25612856179475785,0.24908623829483986,0.26437182128429415,0.25178740695118906,0.2503633137047291,0.26151304721832275,0.25284555688500404,0.2509485404193401,0.2515336647629738,0.25285819709300994,0.25117823138833045,0.26945290073752404,0.2532769037783146,0.270459655970335,0.2559179700911045,0.27248455241322517,0.2504810430109501,0.25748238801956175,0.25600213319063186,0.25106982320547105,0.25044957488775255,0.2525042054057121,0.254888998568058,0.25311206802725794,0.2517061772942543,0.26772838532924653,0.25169760689139364,0.26909129455685615,0.2551978029310703,0.2701512387394905,0.2526906481385231,0.2509315977990627,0.25580175876617434,0.2473927329480648
accPlot,0.85535,0.8673,0.87825,0.88045,0.88425,0.8917,0.892,0.8936,0.89605,0.8978,0.89245,0.89485,0.89815,0.89655,0.9014,0.9002,0.90075,0.90325,0.904,0.899,0.90085,0.8978,0.88985,0.90345,0.90515,0.9066,0.90115,0.9071,0.9059,0.90875,0.90205,0.908,0.90375,0.9076,0.90875,0.90485,0.90655,0.9059,0.90675,0.9064,0.91025,0.9071,0.91035,0.91015,0.90905,0.9077,0.90815,0.91145,0.9086,0.9089,0.91,0.90805,0.91045,0.9111,0.91065,0.91045,0.9069,0.90945,0.9104,0.90165,0.9103,0.91075,0.90985,0.9054,0.91125,0.9109,0.90965,0.91155,0.90695,0.9102,0.91015,0.90645,0.91045,0.9119,0.9101,0.9109,0.9107,0.90285,0.9105,0.9019,0.9091,0.9018,0.91225,0.909,0.90865,0.91115,0.9117,0.9102,0.9108,0.90925,0.9093,0.90455,0.9105,0.9036,0.90905,0.902,0.9108,0.91135,0.9086,0.9129
trainLossPlot,0.6530398818850517,0.4350080921500921,0.39474881112575533,0.37907202340662477,0.3609469310939312,0.34596896946430206,0.33987472601234914,0.33180090591311456,0.3270016462355852,0.3202478221803904,0.3154432956129313,0.31046761430799963,0.3078831461817026,0.3046770153939724,0.2992259509861469,0.29875045754015445,0.29672411412000654,0.2907794939726591,0.2894913142174482,0.2882628067582846,0.28662185788154604,0.2837880676239729,0.285095062032342,0.2808677223324776,0.27672425881028173,0.2772552493959665,0.2722487930208445,0.2720513970404863,0.27391579434275626,0.27227378271520136,0.26870780020952223,0.26990766145288947,0.2671578250080347,0.26785419598221777,0.2662464637309313,0.2662697045505047,0.2622835222631693,0.2646314915269613,0.2609995720535517,0.2593992162495852,0.26000338040292265,0.25767167590558526,0.26119160249829293,0.2582732079923153,0.25529205419123174,0.2571754661947489,0.2543397512286901,0.25431528873741627,0.25235990427434446,0.250428471788764,0.25273696914315225,0.2502722272276878,0.25027392007410526,0.24815628342330456,0.24767969362437725,0.2517071308940649,0.2476346256583929,0.24667500235140324,0.2468068815022707,0.2449881636351347,0.24261783480644225,0.24380146108567716,0.24724711425602436,0.24355429291725159,0.24268001124262809,0.2430061998218298,0.2421122492104769,0.24447766676545143,0.2429495806619525,0.24194886967539786,0.24287311259657143,0.24034444719552994,0.2392937995493412,0.24245772182941436,0.24111672326922418,0.237570682130754,0.23843978241086006,0.23812164478003978,0.23754286780953407,0.23831577852368355,0.23739086583256722,0.23897469349205494,0.235251599624753,0.23443196669220925,0.2346107405424118,0.23701395817101,0.23765443198382855,0.23923487566411494,0.23499782532453536,0.23661619435995818,0.23432474061846734,0.23317661456763744,0.23633204393088816,0.23332071274518967,0.23369292587041854,0.2326589385420084,0.2330892615765333,0.2289936112985015,0.23202989842742683,0.22998179897665977
trainAccPlot,0.76905,0.84345,0.856425,0.86165,0.86925,0.87445,0.876625,0.8812,0.8813,0.88345,0.886175,0.8869,0.8882,0.889375,0.891225,0.890875,0.893425,0.894475,0.893775,0.895375,0.8962,0.897125,0.896125,0.8962,0.89975,0.89815,0.89975,0.90165,0.9003,0.9018,0.90145,0.900475,0.9013,0.90245,0.90275,0.902125,0.903875,0.9034,0.90345,0.904025,0.90455,0.905775,0.9046,0.904475,0.906675,0.9054,0.906675,0.9066,0.907825,0.90825,0.907125,0.907475,0.9079,0.908325,0.907725,0.907175,0.9085,0.908875,0.90835,0.909925,0.9092,0.909775,0.908675,0.909825,0.91065,0.90945,0.9113,0.909825,0.9117,0.909425,0.91035,0.91215,0.9105,0.911,0.911275,0.91295,0.910625,0.912575,0.911725,0.9116,0.91175,0.911575,0.91335,0.914075,0.912475,0.911825,0.9106,0.909925,0.9126,0.913175,0.913375,0.91435,0.91145,0.9138,0.9135,0.9128,0.913325,0.9163,0.91295,0.915025
lossPlot,0.42839447915554046,0.37919980198144915,0.34753711938858034,0.3349857152998447,0.32487171024084094,0.3336027006804943,0.30982824206352233,0.3025262546539307,0.29989082977175713,0.29885157451033595,0.2888912446796894,0.2904559318721294,0.29114309549331663,0.2887320157885551,0.28219725549221036,0.27963588759303093,0.2779029597342014,0.2904162216186523,0.27749287739396095,0.28108481273055075,0.2767574098706245,0.2723938040435314,0.2746314103901386,0.2680750399827957,0.27122355371713636,0.27434866577386857,0.26530571803450587,0.2692553797364235,0.267260699570179,0.2625741297006607,0.26091741368174554,0.26285371333360674,0.2735747894644737,0.26355252251029015,0.2587188047170639,0.2644882923364639,0.26082162708044054,0.2602831184864044,0.25786279648542404,0.2615647305548191,0.2564866989850998,0.25736585423350333,0.2583650228381157,0.26317082688212395,0.2667861716449261,0.2594925706088543,0.26258994624018667,0.2582182984054089,0.25492228761315344,0.25694332242012025,0.2600098194181919,0.25582968413829804,0.2586889886856079,0.2571254862844944,0.2534491802752018,0.257258792668581,0.2662609788775444,0.260499597042799,0.25475846767425536,0.26022684007883073,0.2521434596180916,0.25909486040472984,0.2537089587748051,0.2531641227006912,0.25763676956295967,0.2543427814543247,0.2544939762353897,0.25470440089702606,0.25127443462610244,0.2525773185491562,0.2525232969224453,0.25272720381617547,0.255279194265604,0.25327799320220945,0.25266275197267535,0.25581289291381837,0.25438442021608354,0.25822475463151934,0.2541075833141804,0.2533165003359318,0.25109114065766336,0.25673019349575044,0.25524428963661194,0.2549827814102173,0.25182922527194024,0.25216232135891914,0.2525520820915699,0.252916000187397,0.2587988612055778,0.25448143124580386,0.25964860022068026,0.25093559101223945,0.2533055226504803,0.26210883527994155,0.262857957482338,0.2620086918771267,0.2537433665990829,0.2541796737909317,0.2566136457026005,0.2512630657851696
accPlot,0.8494,0.8626,0.8793,0.8834,0.88185,0.8777,0.89025,0.89295,0.89435,0.89495,0.89795,0.8955,0.89615,0.8976,0.89965,0.8989,0.9005,0.8981,0.9002,0.90115,0.9011,0.90505,0.90275,0.90425,0.901,0.90385,0.90475,0.9041,0.90185,0.9057,0.90625,0.90615,0.90135,0.9052,0.9077,0.904,0.90555,0.906,0.9097,0.90765,0.908,0.9078,0.90705,0.90685,0.90555,0.9076,0.9058,0.90905,0.9086,0.90795,0.9072,0.9091,0.90895,0.9087,0.90895,0.90885,0.9048,0.9068,0.90975,0.90705,0.91095,0.9076,0.90985,0.91065,0.90955,0.91035,0.90905,0.9082,0.91235,0.91115,0.91235,0.91005,0.90885,0.91115,0.91075,0.9084,0.9103,0.90985,0.9092,0.91105,0.91245,0.90935,0.90965,0.91,0.9108,0.91145,0.9104,0.91185,0.90995,0.91125,0.90835,0.91015,0.912,0.90695,0.90785,0.9085,0.91145,0.91065,0.91,0.9112
trainLossPlot,0.6739760144054889,0.4365644980967045,0.3982173827290535,0.377216509655118,0.3551423592120409,0.34932712480425837,0.3377059020847082,0.33279746666550636,0.32618580251932144,0.31820634424686434,0.3099325481057167,0.307562397941947,0.307599193751812,0.30267461158335207,0.2983736374229193,0.2954001384973526,0.2909220042079687,0.2890832296013832,0.28866639494895935,0.28602270253002643,0.28424477107822893,0.285741973221302,0.2814672101289034,0.28029234997928143,0.27417255729436874,0.2748474223166704,0.2762331100553274,0.27103246122598645,0.27146788224577906,0.27283578760921956,0.2693693670630455,0.26512904278934,0.26657871901988983,0.2654941032826901,0.26438079282641413,0.2618528994172811,0.2634267853945494,0.26118579871952535,0.2572835558652878,0.25681973323225976,0.25827411994338034,0.2612027351558208,0.25574447847902776,0.2537449323013425,0.25708850160241126,0.2544290895015001,0.25512964189052584,0.25388505212962625,0.2549566175788641,0.2510379036515951,0.25136040553450584,0.25279420711100103,0.24975130081176758,0.2510751529783011,0.2505420839041472,0.2474204982072115,0.2480056130886078,0.24776357367634774,0.24899729631841183,0.24706537514925003,0.2438158567994833,0.2456417056173086,0.2494373879954219,0.24491070941090584,0.24451605305075647,0.24431614600121976,0.2424761051684618,0.2454411481320858,0.24639869876205922,0.24215717948973178,0.2434464029967785,0.2482270123809576,0.2443072073161602,0.24569183170795442,0.24169383123517035,0.2412919246405363,0.23808174692094325,0.23611541643738745,0.2379929307848215,0.24186571106314658,0.2397679141536355,0.24133329197764397,0.24129625886678696,0.23751107953488826,0.23767634943127633,0.2400970895588398,0.23740734342485667,0.2399794476479292,0.23730384826660156,0.2379655061662197,0.23811407502740622,0.23718308351933956,0.23550052456557752,0.23455772183835508,0.23834264807403088,0.23445169791579246,0.23356181725859643,0.2337413251399994,0.23243111047893764,0.23438583090901374
trainAccPlot,0.75665,0.84195,0.855825,0.864875,0.873125,0.873575,0.876225,0.881,0.8818,0.88385,0.887525,0.8889,0.8906,0.8894,0.892075,0.89265,0.892275,0.894275,0.895325,0.89785,0.89725,0.89565,0.8994,0.8981,0.900075,0.8997,0.899075,0.9017,0.9012,0.9003,0.901725,0.9014,0.903275,0.9027,0.903075,0.904725,0.9038,0.90485,0.90635,0.905875,0.907275,0.905075,0.906575,0.907075,0.9059,0.90625,0.9063,0.909375,0.90605,0.90925,0.907475,0.90775,0.90875,0.908175,0.9078,0.9096,0.90875,0.90995,0.909,0.909225,0.91025,0.909625,0.909025,0.9111,0.910075,0.9101,0.911225,0.9092,0.91075,0.909625,0.909425,0.907375,0.91015,0.909325,0.91095,0.910475,0.911525,0.91365,0.91265,0.9116,0.9111,0.912125,0.9105,0.91365,0.9123,0.9114,0.91285,0.912175,0.9134,0.9131,0.9123,0.913325,0.913225,0.913525,0.9118,0.91315,0.913,0.914275,0.91395,0.914075
lossPlot,0.4252123764157295,0.3613896954059601,0.3471624159812927,0.33351439028978347,0.34275541111826896,0.3058739572763443,0.30104134112596515,0.2942612685263157,0.3009345933794975,0.2899629220366478,0.2875084924697876,0.28509088382124903,0.28122424215078357,0.27843754529953,0.272650012075901,0.27632821574807165,0.27163084357976913,0.2706621670722961,0.27563155576586723,0.2666385865211487,0.2689662763476372,0.27268866419792176,0.26615343272686004,0.2641072028875351,0.26778211385011674,0.262519164532423,0.25616019070148466,0.259595662355423,0.2585910479724407,0.26943553268909454,0.2616731142997742,0.26933006301522255,0.2549759505689144,0.2535985268652439,0.25185480698943136,0.26059776678681373,0.25392681658267974,0.2576004137098789,0.26475964456796647,0.2554489450156689,0.25039677292108536,0.25255496457219123,0.25438361659646036,0.251801106184721,0.25063380420207976,0.2533704970777035,0.254688127040863,0.2576835821568966,0.25228605717420577,0.24866879239678383,0.2527233716845512,0.25279737770557403,0.25678662210702896,0.24981556430459023,0.2549027828872204,0.2469962178170681,0.24505560964345932,0.25135244220495223,0.2488047970831394,0.24664627745747567,0.25353161200881,0.24707824423909186,0.24700724840164184,0.25232652336359024,0.24984044075012207,0.24681762456893921,0.24896333813667298,0.25847483828663825,0.2482403302192688,0.24546945780515672,0.24382299512624742,0.24597500249743462,0.24674035638570785,0.2565195322036743,0.248573397397995,0.24362362936139106,0.25911918461322786,0.24485805496573448,0.24430604986846446,0.24718742892146112,0.2427798742055893,0.24344410121440888,0.25560121655464174,0.24415255919098855,0.24501413464546204,0.24598200604319573,0.24536704950034618,0.24837666481733323,0.26708235576748846,0.24944429814815522,0.24340218618512155,0.2459781602025032,0.24555376537144183,0.25538628235459326,0.24916333109140396,0.24495715513825417,0.2481919963657856,0.24596380516886712,0.24879585936665535,0.2491299703717232
accPlot,0.84955,0.8733,0.87545,0.8811,0.8774,0.8918,0.8935,0.8973,0.8924,0.8956,0.89765,0.89815,0.9003,0.90195,0.9037,0.90115,0.90295,0.904,0.9011,0.90645,0.90375,0.9017,0.9059,0.90655,0.90345,0.90575,0.90935,0.90745,0.9086,0.9031,0.9059,0.9032,0.9096,0.91075,0.91135,0.907,0.90995,0.9066,0.90545,0.9102,0.9101,0.9104,0.9097,0.9115,0.91245,0.9102,0.9097,0.9085,0.9103,0.91225,0.91075,0.91045,0.9087,0.9109,0.9095,0.9125,0.91335,0.9117,0.9131,0.91385,0.91055,0.9134,0.9118,0.9116,0.9115,0.91385,0.91175,0.90805,0.91285,0.9138,0.9139,0.91215,0.9127,0.90835,0.91115,0.9138,0.9084,0.91345,0.91245,0.9127,0.9144,0.9137,0.9088,0.9139,0.9141,0.91215,0.9131,0.91185,0.9035,0.91275,0.9138,0.9137,0.9132,0.9109,0.9116,0.91505,0.9135,0.91355,0.91115,0.91345
trainLossPlot,0.6558119958639145,0.43402683809399606,0.3984537182748318,0.37317378431558607,0.3581765261292458,0.35012597918510435,0.337285036817193,0.3341974816471338,0.32624608986079695,0.3189317511022091,0.3168451928347349,0.3151539950817823,0.3089954844117165,0.3010776199400425,0.3003843257576227,0.2978678297251463,0.29392574049532416,0.28919654510915277,0.2915462262183428,0.2875220660120249,0.2872648081183434,0.28565489888191226,0.28059447661042214,0.2817981892824173,0.27745342448353766,0.2750840839743614,0.2751760147511959,0.27382650539278985,0.27422319293022157,0.270485398247838,0.2700348891317844,0.26923943050205706,0.26676532328128816,0.26834068275988104,0.2670119722187519,0.2627341978251934,0.2646486387401819,0.2643204595893621,0.2631472965329886,0.2614816062897444,0.25959148474037647,0.2588839558511972,0.2625057546794414,0.25883261650800704,0.2554120696336031,0.25702965661883354,0.2569632489979267,0.2557305633276701,0.25310323894023895,0.25522383585572245,0.25038487181067465,0.2508058928698301,0.2488347715139389,0.25344124861061573,0.25077329121530056,0.2520183486491442,0.24835050508379936,0.24884089767932893,0.2498359912633896,0.24695291236042977,0.24723303399980068,0.2480226818472147,0.24750089794397354,0.24556957073509694,0.24879044577479362,0.24594810105860232,0.24518142454326153,0.2412504531443119,0.24356562696397305,0.24352110549807549,0.24262250460684298,0.24457885593175888,0.24383420072495937,0.24036647140979767,0.241468270085752,0.24066653728485107,0.24226739145815374,0.2368824616074562,0.24163952454924584,0.23949206460267305,0.24010901652276517,0.23993211634457112,0.23809534221887588,0.23753393210470677,0.23704528611153364,0.23740274555981158,0.2373566473275423,0.23862748719751836,0.2362880202382803,0.23742225050926208,0.2358689449727535,0.23581745877861976,0.23421426370739937,0.23649747498333454,0.23447187948971987,0.2356602407619357,0.2357740982621908,0.23194976404309273,0.23579457819461822,0.2361534357070923
trainAccPlot,0.766075,0.8426,0.8566,0.86585,0.87145,0.873525,0.88065,0.878675,0.883,0.885675,0.886275,0.8868,0.88805,0.890575,0.891525,0.891375,0.893375,0.896675,0.89425,0.894425,0.895075,0.89695,0.897925,0.8966,0.898925,0.9001,0.89835,0.8997,0.901825,0.9018,0.903075,0.902675,0.903925,0.900725,0.9036,0.9057,0.9039,0.903675,0.904325,0.903875,0.905725,0.90465,0.904125,0.905525,0.9076,0.90715,0.90635,0.9063,0.9076,0.905775,0.9084,0.907675,0.908475,0.90735,0.9085,0.909425,0.909775,0.909025,0.90845,0.9092,0.90915,0.909675,0.9093,0.908925,0.908175,0.911425,0.91075,0.911775,0.91115,0.910725,0.91085,0.910275,0.9109,0.912825,0.9134,0.9118,0.9117,0.913125,0.911425,0.91095,0.9128,0.9123,0.911625,0.91375,0.913175,0.913525,0.91405,0.913375,0.913325,0.913,0.91285,0.913625,0.914275,0.91345,0.91245,0.913525,0.9139,0.914725,0.913575,0.91325
lossPlot,0.42351137071847916,0.3736660072207451,0.3549025285243988,0.3387819112837315,0.323339431732893,0.3179097184538841,0.30907809659838675,0.305597115457058,0.3017761868238449,0.30742012411355973,0.3099305433034897,0.2918216714262962,0.2921262523531914,0.29725426733493804,0.28688032165169713,0.281514151096344,0.286409458220005,0.28427486926317214,0.28606992155313493,0.28048659071326254,0.2785540497303009,0.27418025135993956,0.27918712973594667,0.2762122420966625,0.2852016907930374,0.2711429025232792,0.27072011038661004,0.279771611392498,0.27056836754083635,0.2745419044792652,0.28377090111374853,0.2717700880765915,0.2803914614021778,0.26757096841931344,0.26959472134709356,0.2629240702092648,0.27304958149790765,0.27511779591441154,0.2639479759335518,0.2763697327673435,0.2767906476557255,0.25643694907426834,0.26404415592551234,0.259039049744606,0.2667400127649307,0.25789431512355804,0.25882520332932474,0.26244692370295525,0.27034663140773774,0.25530776619911194,0.2550168898701668,0.26013660624623297,0.25943816170096395,0.2532592353224754,0.2555429905653,0.2541789023578167,0.26209491193294526,0.2577425231039524,0.25956558749079706,0.2596157832443714,0.25592030107975006,0.2518508942425251,0.25566962152719497,0.27654154792428015,0.25448505878448485,0.25500239685177806,0.25215189933776855,0.2520694373548031,0.25432373777031897,0.25113330706954,0.2611860917508602,0.24965213775634765,0.2579424504935741,0.25881889060139657,0.26298007145524027,0.252282237559557,0.260383922457695,0.2543303942680359,0.2510854169726372,0.24833143427968024,0.2498076279461384,0.2596378970146179,0.2542510224878788,0.2655395509302616,0.2561522798240185,0.2500809988379478,0.2571909312903881,0.2503179377317429,0.2517146873474121,0.25338160634040835,0.2546673998236656,0.2459669928252697,0.2552491120994091,0.24813245818018914,0.24834414705634117,0.26175712764263154,0.247643531113863,0.248457253575325,0.26053752943873404,0.24838490784168243
accPlot,0.85135,0.8681,0.8732,0.87885,0.8867,0.88595,0.88805,0.88865,0.8908,0.88695,0.88725,0.89525,0.89555,0.8914,0.897,0.89945,0.89835,0.897,0.8953,0.90135,0.9004,0.9019,0.899,0.90035,0.89465,0.9034,0.90175,0.89945,0.90275,0.9019,0.89675,0.9017,0.9009,0.90415,0.90345,0.90605,0.90245,0.9011,0.90535,0.90075,0.90065,0.90805,0.9061,0.9081,0.90405,0.9093,0.90735,0.90575,0.9037,0.90935,0.9091,0.90615,0.90615,0.9084,0.9095,0.90985,0.906,0.9072,0.90695,0.90575,0.9102,0.9104,0.9086,0.90115,0.9094,0.90865,0.9086,0.9095,0.90895,0.9102,0.9047,0.9102,0.9073,0.90685,0.9072,0.9102,0.9062,0.91015,0.91155,0.9125,0.91115,0.9063,0.90935,0.9052,0.9084,0.9097,0.9089,0.91175,0.912,0.9101,0.90855,0.91155,0.90965,0.91175,0.9112,0.90595,0.91255,0.91155,0.90695,0.9123
trainLossPlot,0.6744589704275131,0.4486423201858997,0.4138398939371109,0.38739516466856005,0.3674655021727085,0.3609283924102783,0.3537462617456913,0.33785032890737055,0.3381480383127928,0.326623520180583,0.3235207949578762,0.3230546808987856,0.31885136000812053,0.31151869997382164,0.3125507965683937,0.3057743499428034,0.3045149104297161,0.30595379151403906,0.2966741098463535,0.2990066836029291,0.2949536718428135,0.2949107001721859,0.2892498517781496,0.28780391335487365,0.2868198185414076,0.2847101451456547,0.2803959460556507,0.2808590880036354,0.28387266509234904,0.2778711009770632,0.2766317278146744,0.2722321832180023,0.27212482929229737,0.27121831856667994,0.2704723398387432,0.27007137216627597,0.26655538864433764,0.2664537800103426,0.265415807813406,0.263771086037159,0.26556825689971447,0.26534188821911814,0.2627695194631815,0.26145335972309114,0.2582474619150162,0.25847478725016115,0.25793229579925536,0.2593894299864769,0.2567854660004377,0.25416785180568696,0.2541825782507658,0.2512112683802843,0.25473612032830717,0.25087800055742265,0.250927259773016,0.25175730265676977,0.2509822857379913,0.2513191896677017,0.25109575763344766,0.2488415601849556,0.24647077515721322,0.24694330677390097,0.24785464353859424,0.24816291451454162,0.2487899348139763,0.2443479573726654,0.24576975658535957,0.2468087800592184,0.24236102908849716,0.24458061754703522,0.24451093055307865,0.24621899366378786,0.24441543631255627,0.24599660016596317,0.2429325045645237,0.2454414764046669,0.24179970227181913,0.24194341100752353,0.24194408051669597,0.2418915592879057,0.23749086778610945,0.23843879386782646,0.2432673744112253,0.24228724837303162,0.23473087280988694,0.23908042676746846,0.23663887858390809,0.2380017451941967,0.23613225631415843,0.2361830622702837,0.23729400128126144,0.2387156704068184,0.2364293422549963,0.23655897811055182,0.234999276176095,0.23215555921196937,0.2349278124421835,0.23384632207453251,0.2375557655468583,0.2313516988605261
trainAccPlot,0.7604,0.8369,0.8532,0.8612,0.8673,0.871325,0.873525,0.8777,0.877875,0.881325,0.88215,0.88285,0.883825,0.887225,0.887475,0.8891,0.88855,0.890625,0.8928,0.8907,0.893425,0.8917,0.895625,0.8953,0.89465,0.89665,0.898125,0.89655,0.89555,0.89865,0.898425,0.900725,0.901125,0.901375,0.90105,0.903,0.90255,0.903325,0.9029,0.9034,0.902375,0.90315,0.9029,0.903925,0.906225,0.904325,0.906375,0.9042,0.9065,0.9074,0.9075,0.909175,0.90735,0.909225,0.908325,0.90705,0.908425,0.9082,0.907325,0.9092,0.908725,0.90895,0.9079,0.909425,0.909075,0.909025,0.91025,0.90925,0.912175,0.909125,0.909725,0.90985,0.9097,0.909425,0.910625,0.9085,0.910775,0.911075,0.91125,0.911275,0.911225,0.910475,0.90965,0.910625,0.91415,0.910425,0.9132,0.911325,0.91165,0.91215,0.91195,0.9123,0.912525,0.91205,0.912775,0.91325,0.9135,0.913975,0.91245,0.915075
lossPlot,0.4198347961902618,0.3649156777560711,0.34417160734534263,0.325288615077734,0.3332222272455692,0.3099013401567936,0.3110389202833176,0.30570833161473276,0.29141011789441107,0.28928980708122254,0.2890276449918747,0.2910799366235733,0.28499449864029885,0.2905877576768398,0.28088988408446314,0.28086753949522975,0.2775027020275593,0.27583925738930704,0.28059327572584153,0.2793325060606003,0.2724665926396847,0.2747208040952682,0.2695522336661816,0.2838668830692768,0.2664481635391712,0.26463254287838933,0.2655645263195038,0.2632076968252659,0.26219295874238013,0.263026572316885,0.270717182457447,0.2612322498857975,0.25930762007832525,0.26377442955970765,0.25923405960202217,0.2573561249673367,0.2569256554543972,0.2620208793878555,0.2603954042494297,0.26250247105956076,0.25612891316413877,0.2601917862892151,0.26808502033352855,0.2568854196369648,0.26186329409480097,0.2567105492949486,0.2663133133947849,0.2612794683873653,0.2619683615863323,0.255708372592926,0.25404239907860754,0.2577946636080742,0.2755423322319984,0.25114799320697784,0.2583932401239872,0.2516133186221123,0.25793047204613684,0.2670136135816574,0.250405597537756,0.2640833266079426,0.27592254534363747,0.2579949861764908,0.2502085492014885,0.24884620159864426,0.25334462866187096,0.25516754642128947,0.25683883294463156,0.25286840125918386,0.26700725525617597,0.2553948286175728,0.25099096342921257,0.2565820662677288,0.26247455686330795,0.24966165959835052,0.26079150170087817,0.25634131774306296,0.24923715502023697,0.2538707938790321,0.24847597599029542,0.24586596712470055,0.24631128445267678,0.24824305325746537,0.25286731377244,0.2507616624236107,0.24916812941431998,0.24663653522729873,0.2486889198422432,0.2503564490377903,0.25133912697434424,0.2481921999156475,0.265047195404768,0.2532681569457054,0.2452608048915863,0.25119838133454325,0.2464807340502739,0.24470473542809487,0.2536520928144455,0.2509334173798561,0.2512438729405403,0.24868736669421196
accPlot,0.8511,0.87005,0.8763,0.8851,0.8803,0.8876,0.88775,0.88805,0.8938,0.8947,0.89595,0.8945,0.89945,0.8964,0.8995,0.89955,0.9023,0.9003,0.89805,0.90045,0.90265,0.9031,0.9035,0.8978,0.90435,0.9063,0.9052,0.9059,0.90555,0.9047,0.9019,0.90645,0.90765,0.9042,0.90495,0.9065,0.90915,0.90715,0.90685,0.9051,0.9082,0.9076,0.90375,0.90865,0.90535,0.9072,0.90235,0.90485,0.9057,0.90785,0.90795,0.90495,0.90105,0.90845,0.9066,0.90925,0.90665,0.90225,0.9091,0.90215,0.9006,0.9048,0.9104,0.9101,0.90955,0.90675,0.90465,0.9072,0.9011,0.9067,0.90905,0.90775,0.9058,0.91065,0.9035,0.9076,0.90955,0.9067,0.91065,0.9112,0.9109,0.9084,0.90785,0.9087,0.91135,0.9087,0.90955,0.91035,0.9087,0.9106,0.9024,0.9094,0.91185,0.9101,0.91155,0.9113,0.90975,0.909,0.9084,0.9104
trainLossPlot,0.6735813838243484,0.44392357528209686,0.39979156620800493,0.3730939371883869,0.3602300211042166,0.35034128203988074,0.3405179826915264,0.3339579401910305,0.3291987856477499,0.3227507766336203,0.31786594457924366,0.31518494613468645,0.31543777987360955,0.30819961488246916,0.3047092138230801,0.2999649079144001,0.29929961778223513,0.2951744131743908,0.2924823598563671,0.2894316778331995,0.29006485842168334,0.2860274724662304,0.2834167575091124,0.28551502153277397,0.2816975358128548,0.2815214478224516,0.27595263250172136,0.2758978772908449,0.2750862862914801,0.2729474166035652,0.27505985282361506,0.27024009078741074,0.26806699179112914,0.27030093878507616,0.2691509649157524,0.2652934690564871,0.2698779335618019,0.2652928049862385,0.26242298267781733,0.2658144035935402,0.2617083787173033,0.2615164712816477,0.25736917547881605,0.260883195400238,0.25881603479385373,0.258574899956584,0.2561393104493618,0.25411035753786565,0.254806809052825,0.2537163830548525,0.25436886347830295,0.25450344748795034,0.2531707004457712,0.25258036635816095,0.2534288729727268,0.25030324526131154,0.24993391506373883,0.2507822024822235,0.2523676683008671,0.24990434817969798,0.2504555504769087,0.24855499267578124,0.24782840713858603,0.24963139832019807,0.24392397671937943,0.2469395812600851,0.24362244918942452,0.24640718258917332,0.24562496423721314,0.24539317518472673,0.24649479895830154,0.2436893381923437,0.24427130617201329,0.24368520490825177,0.24157047942280768,0.24556480206549167,0.24275703847408295,0.24071104526519777,0.24108470764011145,0.2402924969792366,0.24322805754840374,0.23787663757801056,0.24025227390229703,0.24004450127482413,0.23742256127297878,0.2383250354230404,0.23963479407131671,0.23665565475821496,0.23627697616815568,0.23864385589957238,0.23821325443685054,0.23634307101368904,0.23506592586636543,0.23389469228684903,0.2369336611032486,0.23791695140302183,0.23619816109538078,0.23562955997884275,0.23782981663942337,0.23200171276926995
trainAccPlot,0.76265,0.840125,0.854825,0.866125,0.870775,0.8731,0.876525,0.8788,0.880875,0.883225,0.8854,0.8866,0.884525,0.8894,0.890025,0.891625,0.89085,0.894275,0.8933,0.8948,0.894375,0.89765,0.898175,0.8973,0.897275,0.8967,0.899675,0.8998,0.900625,0.90015,0.900675,0.90235,0.903625,0.9025,0.90225,0.903925,0.9015,0.90275,0.905175,0.9032,0.904325,0.904325,0.904925,0.905675,0.90225,0.905325,0.906,0.907075,0.906375,0.907225,0.9063,0.905375,0.9083,0.906225,0.908325,0.909125,0.909725,0.908375,0.908075,0.906525,0.907,0.9084,0.9084,0.90845,0.910125,0.909925,0.9105,0.90875,0.910075,0.9098,0.91015,0.909325,0.90925,0.910225,0.910525,0.908325,0.910725,0.9119,0.911875,0.911,0.910875,0.912725,0.91175,0.911925,0.912775,0.911575,0.91205,0.9138,0.912975,0.912,0.9145,0.911325,0.913325,0.913775,0.91155,0.911375,0.91265,0.91345,0.91295,0.915675
lossPlot,0.44191190630197524,0.3684210439026356,0.3461545266211033,0.3292326770722866,0.3227148385345936,0.3132167175412178,0.3125203712284565,0.3024620671570301,0.2945201550424099,0.367271436303854,0.2897442053258419,0.3119887347519398,0.29599868699908255,0.2873544132709503,0.2838170412182808,0.2881888312101364,0.28123311027884484,0.2758553536236286,0.27777053490281106,0.27536807537078856,0.28460425391793254,0.2781843675673008,0.2831779274344444,0.2701816637814045,0.2838056123256683,0.27019290313124655,0.26703467160463334,0.2673646554350853,0.2636133924126625,0.27512235432863236,0.2620943649113178,0.2635737544298172,0.26482876121997834,0.3256643311679363,0.2661392901837826,0.26173593893647196,0.25828997522592545,0.25808204114437105,0.2592887943983078,0.25977758392691613,0.2655303166806698,0.26010345861315726,0.26491607159376146,0.2768913935124874,0.26291137918829915,0.25832713782787325,0.2643198944628239,0.2561580474674702,0.30404549211263654,0.2558026632666588,0.2569908991456032,0.2602592773735523,0.25559858068823815,0.2761583806574345,0.26083496794104577,0.26140357583761215,0.2625599616765976,0.26003084152936934,0.25888326689600943,0.2588091591000557,0.2543800650537014,0.2565318940579891,0.252498896420002,0.2696258872747421,0.25097972944378855,0.25564946606755257,0.25959662318229676,0.2513266465067863,0.25351341903209684,0.2575136077404022,0.2519714081287384,0.2514869701862335,0.2519877077639103,0.2524260060489178,0.25788870841264727,0.25409460201859474,0.2514337094128132,0.24889285296201705,0.2520826122164726,0.25221124053001404,0.2494265206158161,0.2803406973183155,0.24754020154476167,0.25107630237936973,0.24935772985219956,0.2512671075761318,0.26158797517418864,0.24837256371974945,0.24826282113790513,0.2510426336526871,0.2509713791310787,0.2505016979575157,0.24882792085409164,0.2577159011363983,0.250121591091156,0.24786348387598992,0.24961240991950034,0.2545220451056957,0.2494455386698246,0.2598977263271809
accPlot,0.8406,0.8682,0.8751,0.88205,0.88565,0.88595,0.887,0.8922,0.8956,0.86915,0.8983,0.8855,0.8921,0.8952,0.89665,0.89275,0.897,0.8997,0.89745,0.8994,0.89605,0.89815,0.89435,0.90185,0.8982,0.90205,0.9037,0.9026,0.90375,0.89835,0.90395,0.90325,0.90285,0.8795,0.90105,0.90415,0.9047,0.90585,0.905,0.90605,0.90185,0.90515,0.9048,0.89765,0.90415,0.90675,0.9018,0.90615,0.88665,0.9067,0.90695,0.90505,0.90615,0.90155,0.9036,0.9042,0.9042,0.90305,0.9053,0.9048,0.90815,0.908,0.908,0.90005,0.9088,0.9061,0.9037,0.9098,0.90805,0.90445,0.9093,0.9074,0.90925,0.90905,0.90615,0.9076,0.90755,0.90975,0.90805,0.9107,0.91035,0.8987,0.90985,0.9092,0.9101,0.91005,0.9033,0.9121,0.91035,0.9099,0.91055,0.91,0.9102,0.904,0.91065,0.91185,0.91185,0.90805,0.9107,0.90675
trainLossPlot,0.6749871942400932,0.4438361655175686,0.40236641980707644,0.3799942102283239,0.3623268508911133,0.3495888160914183,0.3425801505893469,0.33563291691243646,0.3312580715864897,0.3235626626759768,0.31816411696374414,0.3116817309707403,0.30819952346384527,0.30562622398138045,0.30022167541086675,0.3023898071795702,0.2951031883060932,0.2979057602584362,0.29030616879463195,0.2898307067900896,0.2875561735779047,0.28567061670124533,0.28355724006891253,0.2823292165249586,0.2785456835478544,0.2781158073246479,0.27789017602801325,0.27463017232716086,0.273377031236887,0.27186156533658506,0.2736283953487873,0.2699444902688265,0.26936555847525595,0.26713108256459234,0.27150019064545633,0.2644558572024107,0.2660503240674734,0.26169761911034584,0.26147027835249903,0.26228321276605127,0.2613477063179016,0.2632088883221149,0.26202941000461577,0.26134531304240227,0.2585899918526411,0.2581457970291376,0.2577337554842234,0.25863289438188075,0.2562860294431448,0.2532018218189478,0.25548605762422083,0.25547687605023384,0.251067174449563,0.2524855949729681,0.2509347938001156,0.25319812960922716,0.2513494672626257,0.2514256273210049,0.25013189487159254,0.24681226238608361,0.24917849980294704,0.2478359679877758,0.25058214835822584,0.24979096814990043,0.2464485101401806,0.2464096050709486,0.2458273524045944,0.24265364825725555,0.24465884551405906,0.2444106463342905,0.24163318149745464,0.24395928248763085,0.24371947724372148,0.24546412341296672,0.23870478741824627,0.24155595786869527,0.24282980926334857,0.23723211079835893,0.24327653281390668,0.2404857160151005,0.24115315176546573,0.2396812291443348,0.23801385939121247,0.23657699033617974,0.240979845225811,0.2369641149044037,0.23903566248714925,0.2384796627610922,0.2365870913118124,0.23609464451670648,0.23498248524963855,0.2360525918751955,0.23831530667841436,0.23593655705451966,0.2378199939057231,0.23576290540397168,0.23391476076096296,0.2323887412250042,0.23893395718187094,0.23406701073050498
trainAccPlot,0.76155,0.8402,0.8536,0.86175,0.869675,0.87245,0.87415,0.87655,0.879625,0.882325,0.885,0.88715,0.887475,0.889225,0.8906,0.88975,0.892875,0.892075,0.89235,0.893325,0.8942,0.8958,0.895475,0.89855,0.899175,0.8985,0.89865,0.899175,0.899575,0.900925,0.902475,0.902175,0.90115,0.902625,0.901225,0.901675,0.902425,0.90475,0.90385,0.90275,0.90565,0.905175,0.904775,0.9044,0.90395,0.906075,0.90445,0.905975,0.90545,0.907775,0.905975,0.906575,0.90635,0.9098,0.906625,0.907475,0.9065,0.908175,0.9085,0.909725,0.908275,0.908775,0.90875,0.90795,0.909125,0.90955,0.908675,0.910575,0.909225,0.909525,0.912125,0.91,0.911075,0.90985,0.912825,0.912375,0.910225,0.912275,0.910225,0.9124,0.9121,0.911225,0.914475,0.912325,0.910625,0.91295,0.91075,0.912075,0.9121,0.912875,0.9132,0.913325,0.914625,0.913675,0.912725,0.91335,0.914525,0.914425,0.911275,0.9127
lossPlot,0.4378964075446129,0.38216853350400926,0.358005411028862,0.3448949733376503,0.3406968778371811,0.3264990448951721,0.3231824932992458,0.31434797048568724,0.3093804782629013,0.29962744176387784,0.29746337413787843,0.30427658766508103,0.3012328261137009,0.3010071060061455,0.29353988081216814,0.29547632977366445,0.283289455473423,0.2881735976040363,0.2766361847519875,0.27430463060736654,0.27536608546972274,0.2743631161749363,0.27610270500183104,0.2776296779513359,0.2704364414513111,0.2739022372663021,0.26786101788282396,0.2661564342677593,0.2694254207611084,0.2671934722363949,0.26735957771539687,0.26662741392850875,0.2648238541185856,0.27045976743102074,0.2669352342188358,0.2724787753820419,0.2621768996119499,0.2642264519631863,0.26489120468497274,0.259269195497036,0.26094759643077853,0.2663709829747677,0.25840627297759056,0.27446908414363863,0.2692752592265606,0.26012914925813674,0.2564498893916607,0.2704722960293293,0.2567977845668793,0.2622872143983841,0.2567457014322281,0.26541527181863783,0.26951917305588724,0.2617033593356609,0.25443925574421883,0.25618184089660645,0.27977304786443713,0.26076967775821686,0.26257580772042277,0.2648706591129303,0.26312871485948564,0.25687267392873764,0.27196459665894507,0.2605008535087109,0.2601593151688576,0.25384535506367684,0.2630883784592152,0.2866973093152046,0.25864354863762856,0.26921200230717657,0.2556753174960613,0.25451129212975504,0.2825672492384911,0.2566607090830803,0.25393071860074995,0.2563807748258114,0.2588904409110546,0.2525896483659744,0.2569305555522442,0.25009799137711525,0.2542166306078434,0.25076934024691583,0.2538442121446133,0.26197457045316697,0.27392519891262057,0.24909317940473558,0.25105279088020327,0.26999846756458284,0.26426665142178535,0.25148928582668306,0.25670203790068624,0.24929782509803772,0.25430661186575887,0.2502812274545431,0.26957118228077886,0.26754188880324364,0.25136533454060556,0.24874042615294456,0.24889758422970773,0.252843973338604
accPlot,0.84465,0.8662,0.8738,0.87845,0.8786,0.88365,0.88465,0.8887,0.88695,0.89365,0.89455,0.8907,0.8918,0.888,0.8913,0.894,0.8984,0.8963,0.90165,0.9016,0.9011,0.9016,0.8991,0.8997,0.9039,0.9009,0.903,0.9048,0.9034,0.90675,0.9041,0.9045,0.90455,0.9026,0.9045,0.90025,0.90595,0.9031,0.90245,0.90645,0.9059,0.90345,0.90625,0.90075,0.90195,0.90755,0.90905,0.90095,0.9079,0.9053,0.9074,0.90525,0.90295,0.9048,0.90745,0.90635,0.89885,0.90635,0.90405,0.9037,0.9045,0.9069,0.90085,0.9039,0.905,0.90705,0.90395,0.8968,0.90665,0.9032,0.90815,0.90705,0.8991,0.907,0.90775,0.9073,0.9063,0.90935,0.90735,0.9103,0.9089,0.9101,0.9093,0.90555,0.90185,0.9098,0.91045,0.90135,0.9057,0.91065,0.9084,0.91095,0.909,0.91025,0.9027,0.90435,0.91115,0.91095,0.91265,0.90895
trainLossPlot,0.6719853620231152,0.4563905540108681,0.41760972782969474,0.39415657505393026,0.3793891778588295,0.3624637383967638,0.3559859961271286,0.34945999696850777,0.3391971827298403,0.3300134535878897,0.3285254494100809,0.3212279391288757,0.3159620851278305,0.3117475235462189,0.31244733192026614,0.3058025785535574,0.3071331518888474,0.30083248056471346,0.2993610592931509,0.29509770214557646,0.2929076886922121,0.28781468227505685,0.28885644882917405,0.29145674921572207,0.28538892686367034,0.2816806526482105,0.2795252273231745,0.28135696321725845,0.2785364880412817,0.2784366103261709,0.2780513128638267,0.2753690129518509,0.27241639234125614,0.27015050455927847,0.27056251347064975,0.2684880480915308,0.2719039896130562,0.266044195741415,0.26647262543439865,0.2668697529286146,0.26535217665135863,0.2665505289286375,0.2644115307927132,0.2607174897938967,0.2610286927968264,0.2589924705773592,0.2585086253285408,0.2596176651865244,0.256912130638957,0.2596477397531271,0.2545289424806833,0.2562121649086475,0.2543365904688835,0.25701457388699056,0.25396747156977656,0.25205926604568957,0.2522584290057421,0.2528144178539515,0.2536426579207182,0.2529461465775967,0.25161044619977474,0.249323777705431,0.25043271072208884,0.24876433581113816,0.24946551501750946,0.24895891159772873,0.2496663799509406,0.2484712366759777,0.2484752057492733,0.24726965360343456,0.24933219626545905,0.24778506852686405,0.24637584768235685,0.24752134069800377,0.24133819609880447,0.24610721617937087,0.24487538419663907,0.24653213538229465,0.24177302598953246,0.24323938205838203,0.24062854871153833,0.24261981770396232,0.24506715461611747,0.2415364061668515,0.24251557040959595,0.24276548266410827,0.24133635230362416,0.24509505197405815,0.24244480282068254,0.23947279244661332,0.24091814063489436,0.24225062809884548,0.23716855496168138,0.24131671324372292,0.23936478275805712,0.24065122738480568,0.23814537517726422,0.23963652312755584,0.23998442262411118,0.2404847699403763
trainAccPlot,0.758825,0.8353,0.8483,0.8575,0.8616,0.8694,0.871625,0.874475,0.87765,0.8808,0.88,0.8827,0.88515,0.8864,0.8864,0.8889,0.88965,0.89135,0.89045,0.892775,0.8914,0.896075,0.894575,0.8931,0.897075,0.897425,0.8973,0.899075,0.89885,0.899175,0.898275,0.899425,0.9001,0.901525,0.901025,0.90205,0.903125,0.90315,0.902575,0.903,0.9026,0.903,0.901825,0.904875,0.9045,0.906225,0.90445,0.90445,0.9057,0.904925,0.9055,0.905425,0.9062,0.90605,0.906825,0.9062,0.90755,0.907425,0.90615,0.908125,0.907375,0.908175,0.906975,0.9085,0.908325,0.9086,0.908275,0.91015,0.90855,0.907975,0.908975,0.907625,0.9086,0.90855,0.911275,0.908525,0.910275,0.9103,0.9119,0.910675,0.91045,0.912375,0.909625,0.9111,0.9115,0.90905,0.910775,0.910375,0.9122,0.9121,0.9119,0.91125,0.912825,0.911575,0.911375,0.911825,0.91315,0.912575,0.9116,0.911
lossPlot,0.4230694937705994,0.36687333673238753,0.3469469660520554,0.3336931782960892,0.3210760724544525,0.3123293642699718,0.3096408277750015,0.3052620044350624,0.29974673077464103,0.3030792263150215,0.29003649696707723,0.2890043295919895,0.2893704310059547,0.29020113721489904,0.28922917544841764,0.286095404624939,0.2760933324694633,0.27634343326091765,0.2710351452231407,0.27084158301353456,0.26968323335051536,0.2703109735250473,0.2666023975610733,0.27127101093530653,0.26342926025390623,0.2731655290722847,0.2675586676597595,0.26154404774308204,0.2603776018321514,0.2586434496939182,0.25842437133193014,0.2572250173985958,0.2607680520415306,0.26303168028593066,0.2590150900185108,0.26002353891730307,0.27370509222149847,0.2549523048102856,0.2703765515983105,0.251968347877264,0.2621687765419483,0.2608019073307514,0.2521685235202312,0.25554934695363046,0.28560167402029035,0.24938833937048913,0.25305620789527894,0.25133168667554856,0.2658050103485584,0.2593952275812626,0.24848775148391725,0.24898641705513,0.25133337363600733,0.255874927341938,0.25249088674783704,0.2537127381563187,0.24612225204706192,0.24835811480879783,0.24991403356194497,0.25213598519563674,0.25205440521240235,0.24894291639328003,0.24563877552747726,0.2507817651331425,0.24553804278373717,0.24446380347013474,0.24661210864782335,0.24759061574935914,0.24354045942425728,0.2582437978684902,0.2600149954855442,0.24089079722762108,0.24935866937041282,0.24447259977459906,0.24584751516580583,0.24149331241846084,0.2738455229997635,0.25283857896924017,0.24760906845331193,0.24678384900093078,0.24531390577554701,0.24312846183776857,0.24657986253499986,0.24208100289106368,0.2444305521249771,0.254868400990963,0.24938954800367355,0.24534589797258377,0.24946636140346526,0.2445038215816021,0.24841834723949432,0.2566279350221157,0.24078055888414382,0.24483965069055558,0.24050079971551896,0.2441086758673191,0.2408490312099457,0.24672831505537032,0.23975085526704787,0.24499876648187638
accPlot,0.8539,0.8704,0.8758,0.87845,0.8847,0.8869,0.88905,0.8893,0.8921,0.8921,0.89515,0.896,0.89735,0.8958,0.89675,0.89745,0.90365,0.90245,0.90575,0.90335,0.9037,0.9057,0.90665,0.90315,0.90665,0.90235,0.90605,0.90815,0.90885,0.90905,0.90935,0.90925,0.9088,0.908,0.90855,0.90885,0.903,0.91035,0.90315,0.91195,0.90705,0.9069,0.9105,0.91025,0.8958,0.91255,0.91065,0.91115,0.90475,0.9093,0.9126,0.9118,0.91145,0.90945,0.91125,0.91105,0.9127,0.9125,0.9116,0.91185,0.9107,0.9115,0.91275,0.9105,0.9128,0.91385,0.91285,0.91235,0.9138,0.9073,0.9074,0.91465,0.91145,0.91295,0.9127,0.91485,0.90095,0.90945,0.9121,0.9116,0.91255,0.9143,0.9123,0.91375,0.9131,0.909,0.91225,0.91275,0.9113,0.91245,0.91265,0.90835,0.9147,0.91315,0.91555,0.9147,0.91405,0.91405,0.9155,0.9134
trainLossPlot,0.6704362268745899,0.43943955898284914,0.397182257771492,0.37550072200596335,0.3565852166712284,0.351815387904644,0.34348739854991434,0.3349746145308018,0.33051279246807097,0.3255541208386421,0.3169801966845989,0.31563148871064184,0.3124444629997015,0.30656592339277267,0.30503296345472336,0.30547377228736877,0.29756084762513635,0.2941608536988497,0.29376142136752603,0.29227920606732366,0.2889720818400383,0.2856621541082859,0.28563005916774276,0.28435099348425863,0.27992186218500137,0.28070208221673965,0.27549397937953474,0.2781825641542673,0.2710847542434931,0.27484660483896733,0.268908371552825,0.27202615089714527,0.26927122853696345,0.26828357502818106,0.2691939114779234,0.2647007205337286,0.266350763887167,0.26512963689863683,0.26387610122561456,0.2613010402023792,0.2568857827037573,0.2598124919831753,0.262254036962986,0.2583878158032894,0.25943821027874947,0.25656959421932696,0.25663516864180563,0.25677918739616873,0.25704807676374913,0.2546036110073328,0.2521382985264063,0.25253510162234305,0.25202085688710213,0.25115494228899476,0.2522438535839319,0.251876847371459,0.250023188367486,0.24779764503240587,0.24570097774267197,0.2441334492713213,0.2475076635926962,0.2471115479618311,0.24670340061187745,0.24404837302863597,0.2457842181622982,0.24402122966945172,0.2449530117213726,0.24386991426348686,0.24808114230632783,0.24488871313631536,0.2422264090925455,0.24221212439239026,0.24298251688480377,0.24097999565303327,0.24162237703800202,0.2437942137569189,0.2384180347621441,0.2360658997297287,0.23935062997043133,0.23717689104378223,0.2387828253954649,0.23884329125285148,0.238689623773098,0.23835942298173904,0.2351811785250902,0.23707830093801022,0.2376576941460371,0.23324343994259833,0.2362281285226345,0.23494133334606887,0.2375236038863659,0.2376745680719614,0.23499415505677462,0.23483365461230277,0.233872891664505,0.23228808350861072,0.23446028850972653,0.23135248064994812,0.23194599889218806,0.2347766461968422
trainAccPlot,0.76355,0.8417,0.85745,0.864175,0.8717,0.873175,0.87595,0.8789,0.8803,0.88155,0.884025,0.885,0.8877,0.889,0.886975,0.8871,0.891625,0.89165,0.89375,0.89385,0.89485,0.8947,0.895425,0.895525,0.896925,0.898725,0.8989,0.898325,0.899975,0.90075,0.9025,0.9003,0.90255,0.90315,0.900925,0.903475,0.902725,0.902,0.903075,0.9045,0.906475,0.905125,0.90435,0.906575,0.9052,0.907075,0.907775,0.905975,0.905625,0.9074,0.906725,0.907525,0.90785,0.90805,0.9076,0.9086,0.909225,0.910025,0.909125,0.910925,0.9101,0.9097,0.910825,0.910175,0.90945,0.91185,0.90945,0.909675,0.90795,0.90945,0.9107,0.910675,0.911875,0.912575,0.9125,0.911425,0.91125,0.913825,0.911075,0.912525,0.913175,0.912275,0.9128,0.91135,0.912325,0.9142,0.9142,0.9145,0.911375,0.91405,0.913375,0.91215,0.91375,0.913325,0.91455,0.91455,0.9128,0.9147,0.914875,0.91335
